point_id,rain_day,precip_day_sum_blend,temp_day_max_blend,wind_day_max_blend,zone,site_name,lat,lon,precipitation_day_ecmwf_aifs025_single,precipitation_day_gfs_global,precipitation_day_icon_global,temperature_2m_day_ecmwf_aifs025_single,temperature_2m_day_gfs_global,temperature_2m_day_icon_global,wind_speed_10m_day_ecmwf_aifs025_single,wind_speed_10m_day_gfs_global,wind_speed_10m_day_icon_global,rain_category,zone_normal_temp,heat_category,temp_departure_c,wind_category,rain_model_agreement,wind_model_agreement
arid_west:ahmedabad,2026-09-24,0.0,29.72784339792285,12.79185649232992,arid_west,Ahmedabad,23.03,72.58,0.0,0.0,0.0,30.3,29.9,28.7,14.1,18.8,7.7,none,35,none,-5.27,none,0.0,0.0
arid_west:ahmedabad,2026-09-25,0.0,34.74335292339441,17.389739011335138,arid_west,Ahmedabad,23.03,72.58,0.0,0.0,0.0,34.8,35.2,34.7,16.9,24.4,13.4,none,35,none,-0.26,none,0.0,0.0
arid_west:ahmedabad,2026-09-26,0.0,34.794563932730284,15.911785179735034,arid_west,Ahmedabad,23.03,72.58,0.0,0.0,0.0,34.3,35.8,33.5,16.3,18.7,12.6,none,35,none,-0.21,none,0.0,0.0
arid_west:ahmedabad,2026-09-27,0.0,34.391249557396605,14.56671206241619,arid_west,Ahmedabad,23.03,72.58,0.0,0.0,0.0,33.4,35.8,32.9,13.8,19.2,12.6,none,35,none,-0.61,none,0.0,0.0
arid_west:ahmedabad,2026-09-28,0.0,33.54665426190505,10.138445371885243,arid_west,Ahmedabad,23.03,72.58,0.0,0.0,0.0,32.7,35.0,32.2,7.8,19.5,7.7,none,35,none,-1.45,none,0.0,0.0
arid_west:ahmedabad,2026-09-29,0.0,34.095243437726275,7.201213742975827,arid_west,Ahmedabad,23.03,72.58,0.0,0.0,0.0,33.2,34.8,33.9,7.0,11.3,4.7,none,35,none,-0.9,none,0.0,0.0
arid_west:ahmedabad,2026-09-30,0.0,34.985738867006994,7.9002207825247375,arid_west,Ahmedabad,23.03,72.58,0.0,0.0,0.0,34.1,35.5,34.8,7.6,11.7,7.4,none,35,none,-0.01,none,0.0,0.0
arid_west:bhuj,2026-09-24,0.0,27.032945311299585,21.754204262907173,arid_west,Bhuj,23.25,69.67,0.0,0.0,0.0,28.4,27.1,26.3,22.1,29.2,15.6,none,35,none,-7.97,none,0.0,0.0
arid_west:bhuj,2026-09-25,0.0,34.94449922894932,25.13728231734904,arid_west,Bhuj,23.25,69.67,0.0,0.0,0.0,34.7,34.8,35.5,26.1,32.0,16.3,none,35,none,-0.06,none,0.0,0.0
arid_west:bhuj,2026-09-26,0.0,32.93002793203691,27.84860842770103,arid_west,Bhuj,23.25,69.67,0.0,0.0,0.0,32.4,33.1,33.3,29.6,36.7,18.5,none,35,none,-2.07,none,0.0,0.0
arid_west:bhuj,2026-09-27,0.0,31.930063106407427,26.92813234921473,arid_west,Bhuj,23.25,69.67,0.0,0.0,0.0,31.5,32.1,32.2,27.7,36.2,18.4,none,35,none,-3.07,none,0.0,0.0
arid_west:bhuj,2026-09-28,0.0,31.80317134695289,22.644429124079927,arid_west,Bhuj,23.25,69.67,0.0,0.0,0.0,31.7,31.5,32.6,21.9,33.6,14.0,none,35,none,-3.2,none,0.0,0.0
arid_west:bhuj,2026-09-29,0.0,32.13490927320377,15.132786508402807,arid_west,Bhuj,23.25,69.67,0.0,0.0,0.0,32.4,31.5,33.6,13.6,28.1,5.9,none,35,none,-2.87,none,0.0,0.0
arid_west:bhuj,2026-09-30,0.1256068783504407,33.10923867837602,11.626372655041177,arid_west,Bhuj,23.25,69.67,0.0,0.0,0.6000000000000001,33.5,32.8,34.1,11.1,23.8,4.3,none,35,none,-1.89,none,0.0,0.0
arid_west:bikaner,2026-09-24,0.0,32.15670477775559,14.233643808783228,arid_west,Bikaner,28.02,73.31,0.0,0.0,0.0,31.9,33.2,31.0,14.9,19.8,10.2,none,37,none,-4.84,none,0.0,0.0
arid_west:bikaner,2026-09-25,0.0,37.84971342361128,18.38553624740552,arid_west,Bikaner,28.02,73.31,0.0,0.0,0.0,37.9,37.9,37.8,14.8,30.5,13.8,none,37,none,0.85,none,0.0,0.0
arid_west:bikaner,2026-09-26,0.0,38.38281828744739,15.678904907726054,arid_west,Bikaner,28.02,73.31,0.0,0.0,0.0,38.3,39.5,36.4,21.6,27.5,13.5,none,37,none,1.38,none,0.0,0.0
arid_west:bikaner,2026-09-27,0.4348546522321416,36.8950498381363,22.03920311443364,arid_west,Bikaner,28.02,73.31,0.0,0.0,1.1,36.1,37.5,37.0,22.4,50.1,16.4,none,37,none,-0.1,none,0.0,0.3333333333333333
arid_west:bikaner,2026-09-28,0.0,35.63756051190708,17.486421959828597,arid_west,Bikaner,28.02,73.31,0.0,0.0,0.0,35.5,36.1,34.9,18.1,21.0,15.8,none,37,none,-1.36,none,0.0,0.0
arid_west:bikaner,2026-09-29,0.0,35.64541024962419,13.587077364982086,arid_west,Bikaner,28.02,73.31,0.0,0.0,0.0,35.8,35.9,35.2,13.1,24.6,11.6,none,37,none,-1.35,none,0.0,0.0
arid_west:bikaner,2026-09-30,0.0,36.44457946424632,16.980614789196025,arid_west,Bikaner,28.02,73.31,0.0,0.0,0.0,36.8,36.7,35.4,14.6,23.2,13.4,none,37,none,-0.56,none,0.0,0.0
arid_west:jaisalmer,2026-09-24,0.0,32.48764221934149,14.584474269615503,arid_west,Jaisalmer,26.91,70.92,0.0,0.0,0.0,30.5,33.8,33.3,13.7,22.6,12.1,none,37,none,-4.51,none,0.0,0.0
arid_west:jaisalmer,2026-09-25,0.0,39.96993150630263,20.81113176609764,arid_west,Jaisalmer,26.91,70.92,0.0,0.0,0.0,38.0,41.5,40.0,17.8,31.2,11.8,none,37,none,2.97,none,0.0,0.0
arid_west:jaisalmer,2026-09-26,0.0,38.19447513718399,25.10745682786251,arid_west,Jaisalmer,26.91,70.92,0.0,0.0,0.0,35.7,40.2,37.8,26.1,35.3,20.1,none,37,none,1.19,none,0.0,0.0
arid_west:jaisalmer,2026-09-27,0.0,36.23035146754505,26.79223181982572,arid_west,Jaisalmer,26.91,70.92,0.0,0.0,0.0,34.4,38.1,35.2,27.5,37.7,23.5,none,37,none,-0.77,none,0.0,0.0
arid_west:jaisalmer,2026-09-28,0.0,34.76884983848494,24.3668656850826,arid_west,Jaisalmer,26.91,70.92,0.0,0.0,0.0,33.3,36.7,33.3,22.4,35.9,18.5,none,37,none,-2.23,none,0.0,0.0
arid_west:jaisalmer,2026-09-29,0.0,34.70897624666267,17.966412592246307,arid_west,Jaisalmer,26.91,70.92,0.0,0.0,0.0,33.2,36.1,34.2,16.8,30.2,12.3,none,37,none,-2.29,none,0.0,0.0
arid_west:jaisalmer,2026-09-30,0.0,35.24430712011251,19.6526616664243,arid_west,Jaisalmer,26.91,70.92,0.0,0.0,0.0,34.3,35.8,35.3,18.3,29.8,15.3,none,37,none,-1.76,none,0.0,0.0
arid_west:jodhpur,2026-09-24,0.0,31.210203826753464,8.930777277366536,arid_west,Jodhpur,26.29,73.02,0.0,0.0,0.0,31.0,31.0,31.8,8.0,15.8,4.7,none,36,none,-4.79,none,0.0,0.0
arid_west:jodhpur,2026-09-25,0.0,38.89970128732689,11.720428962366434,arid_west,Jodhpur,26.29,73.02,0.0,0.0,0.0,38.5,38.9,39.4,14.4,16.1,12.5,none,36,none,2.9,none,0.0,0.0
arid_west:jodhpur,2026-09-26,0.218692186853296,36.55603443446283,20.92230648298412,arid_west,Jodhpur,26.29,73.02,0.0,0.0,1.0,35.8,37.1,37.1,21.9,32.9,16.3,none,36,none,0.56,none,0.0,0.0
arid_west:jodhpur,2026-09-27,0.0,34.76127212672333,22.64790202638089,arid_west,Jodhpur,26.29,73.02,0.0,0.0,0.0,33.8,36.0,34.1,22.7,31.2,17.8,none,36,none,-1.24,none,0.0,0.0
arid_west:jodhpur,2026-09-28,0.0,34.09567911282696,19.77355266116069,arid_west,Jodhpur,26.29,73.02,0.0,0.0,0.0,33.6,35.4,33.0,17.8,27.4,16.3,none,36,none,-1.9,none,0.0,0.0
arid_west:jodhpur,2026-09-29,0.0,34.70835332152711,15.55930603990428,arid_west,Jodhpur,26.29,73.02,0.0,0.0,0.0,34.7,35.0,34.4,12.4,25.5,10.4,none,36,none,-1.29,none,0.0,0.0
arid_west:jodhpur,2026-09-30,0.0,35.33417040910283,15.726937256699578,arid_west,Jodhpur,26.29,73.02,0.0,0.0,0.0,35.7,35.3,35.2,13.5,23.5,10.5,none,36,none,-0.67,none,0.0,0.0
deccan_plateau:aurangabad,2026-09-24,0.0410795287074116,26.16478860071029,14.736527330083684,deccan_plateau,Aurangabad,19.88,75.34,0.0,0.1,0.0,27.9,25.6,25.9,16.8,18.9,11.5,none,31,none,-4.84,none,0.0,0.0
deccan_plateau:aurangabad,2026-09-25,0.0,32.49181748911677,25.969367781815578,deccan_plateau,Aurangabad,19.88,75.34,0.0,0.0,0.0,33.7,33.1,31.8,23.9,38.8,20.6,none,31,none,1.49,none,0.0,0.0
deccan_plateau:aurangabad,2026-09-26,0.0,32.19757885912313,21.31542070728759,deccan_plateau,Aurangabad,19.88,75.34,0.0,0.0,0.0,33.4,31.4,31.5,19.8,27.2,17.9,none,31,none,1.2,none,0.0,0.0
deccan_plateau:aurangabad,2026-09-27,0.0,32.75104758118402,14.344953490579396,deccan_plateau,Aurangabad,19.88,75.34,0.0,0.0,0.0,33.5,32.7,31.7,11.4,22.5,11.6,none,31,none,1.75,none,0.0,0.0
deccan_plateau:aurangabad,2026-09-28,0.0,32.91174392257108,10.07266289987163,deccan_plateau,Aurangabad,19.88,75.34,0.0,0.0,0.0,33.3,32.8,32.6,12.1,12.1,6.4,none,31,none,1.91,none,0.0,0.0
deccan_plateau:aurangabad,2026-09-29,0.0,32.928307868950384,12.185349095325828,deccan_plateau,Aurangabad,19.88,75.34,0.0,0.0,0.0,33.5,32.5,32.6,11.7,19.9,4.7,none,31,none,1.93,none,0.0,0.0
deccan_plateau:aurangabad,2026-09-30,0.0,34.00872876939798,14.515406072179472,deccan_plateau,Aurangabad,19.88,75.34,0.0,0.0,0.0,34.5,33.8,33.6,13.6,22.4,7.4,none,31,none,3.01,none,0.0,0.0
deccan_plateau:bengaluru,2026-09-24,0.08764589423852409,22.24952651747676,17.80535156823536,deccan_plateau,Bengaluru,12.97,77.59,0.30000000000000004,0.0,0.0,23.6,21.9,22.4,17.9,22.8,15.0,none,27,none,-4.75,none,0.0,0.0
deccan_plateau:bengaluru,2026-09-25,2.4312259680885946,27.81949833752964,20.0977042943477,deccan_plateau,Bengaluru,12.97,77.59,5.2,1.6,0.2,27.0,28.4,28.7,20.5,24.8,16.0,none,27,none,0.82,none,0.0,0.0
deccan_plateau:bengaluru,2026-09-26,0.2537489118601158,29.41364262524915,17.28417497078027,deccan_plateau,Bengaluru,12.97,77.59,0.6000000000000001,0.0,0.0,28.7,30.3,29.6,14.8,23.4,14.4,none,27,none,2.41,none,0.0,0.0
deccan_plateau:bengaluru,2026-09-27,0.5715573889854387,29.997353712318763,10.218495959232452,deccan_plateau,Bengaluru,12.97,77.59,0.2,1.3,0.0,29.8,29.7,30.6,9.1,15.5,8.1,none,27,none,3.0,none,0.0,0.0
deccan_plateau:bengaluru,2026-09-28,7.913420617305908,30.481193381573263,6.26741180415182,deccan_plateau,Bengaluru,12.97,77.59,3.6,5.4,15.6,29.5,31.7,30.8,3.8,14.6,6.2,none,27,none,3.48,none,0.0,0.0
deccan_plateau:bengaluru,2026-09-29,15.749475815601137,28.83628483934864,5.244191180441836,deccan_plateau,Bengaluru,12.97,77.59,9.0,13.1,24.0,28.6,29.8,28.4,3.6,11.5,4.9,none,27,none,1.84,none,0.0,0.0
deccan_plateau:bengaluru,2026-09-30,8.44051547165327,29.507186335311104,6.620778160200249,deccan_plateau,Bengaluru,12.97,77.59,5.7,12.8,4.8,29.4,29.4,30.1,3.3,10.9,7.5,none,27,none,2.51,none,0.0,0.0
deccan_plateau:bhopal,2026-09-24,0.0578504025630164,24.53026027492661,16.449035319741032,deccan_plateau,Bhopal,23.26,77.41,0.2,0.0,0.0,25.3,23.1,25.2,18.0,19.4,12.2,none,30,none,-5.47,none,0.0,0.0
deccan_plateau:bhopal,2026-09-25,1.936290508540602,28.27828065693619,22.683322701195596,deccan_plateau,Bhopal,23.26,77.41,1.0,4.0,0.0,28.4,26.1,30.4,24.1,25.7,20.6,none,30,none,-1.72,none,0.0,0.0
deccan_plateau:bhopal,2026-09-26,1.2079479344705382,28.608326257387745,23.93220334293081,deccan_plateau,Bhopal,23.26,77.41,0.6000000000000001,3.0,0.0,30.2,26.5,29.5,18.0,32.0,22.6,none,30,none,-1.39,none,0.0,0.0
deccan_plateau:bhopal,2026-09-27,0.0392416341806063,29.6482126823961,19.255553012872426,deccan_plateau,Bhopal,23.26,77.41,0.0,0.1,0.0,30.5,28.4,29.7,15.3,28.7,15.6,none,30,none,-0.35,none,0.0,0.0
deccan_plateau:bhopal,2026-09-28,0.0,29.93530177472797,12.847828037459193,deccan_plateau,Bhopal,23.26,77.41,0.0,0.0,0.0,30.5,28.9,30.3,10.8,19.6,9.6,none,30,none,-0.06,none,0.0,0.0
deccan_plateau:bhopal,2026-09-29,0.0,30.83322146840401,9.368972554449773,deccan_plateau,Bhopal,23.26,77.41,0.0,0.0,0.0,31.2,29.9,31.3,9.2,13.2,7.5,none,30,none,0.83,none,0.0,0.0
deccan_plateau:bhopal,2026-09-30,0.0,31.57474517256837,11.475212539146108,deccan_plateau,Bhopal,23.26,77.41,0.0,0.0,0.0,32.2,30.6,32.0,10.2,15.0,10.2,none,30,none,1.57,none,0.0,0.0
deccan_plateau:hyderabad,2026-09-24,1.012239914848863,25.730574887175784,21.5348634068031,deccan_plateau,Hyderabad,17.39,78.49,0.2,0.0,3.1,27.4,25.1,25.7,24.3,26.3,14.8,none,30,none,-4.27,none,0.0,0.0
deccan_plateau:hyderabad,2026-09-25,0.0,31.491465809300628,26.656088115116454,deccan_plateau,Hyderabad,17.39,78.49,0.0,0.0,0.0,31.2,31.3,31.9,28.0,34.5,18.3,none,30,none,1.49,none,0.0,0.0
deccan_plateau:hyderabad,2026-09-26,0.0,31.688788745513754,18.866074383630547,deccan_plateau,Hyderabad,17.39,78.49,0.0,0.0,0.0,31.8,30.9,33.0,17.6,25.3,14.4,none,30,none,1.69,none,0.0,0.0
deccan_plateau:hyderabad,2026-09-27,0.0,32.82717319721848,13.185319475251497,deccan_plateau,Hyderabad,17.39,78.49,0.0,0.0,0.0,32.4,32.5,33.8,14.6,16.8,10.5,none,30,none,2.83,none,0.0,0.0
deccan_plateau:hyderabad,2026-09-28,0.5288792106961294,33.35298181332416,9.847705380228106,deccan_plateau,Hyderabad,17.39,78.49,0.0,1.5,0.0,32.8,33.6,34.0,8.3,18.1,6.8,none,30,none,3.35,none,0.0,0.0
deccan_plateau:hyderabad,2026-09-29,0.0352586140464086,33.186355728975364,9.96483407553638,deccan_plateau,Hyderabad,17.39,78.49,0.0,0.1,0.0,33.1,32.8,33.9,7.9,17.0,6.2,none,30,none,3.19,none,0.0,0.0
deccan_plateau:hyderabad,2026-09-30,0.0,33.3017452569064,10.265661880814395,deccan_plateau,Hyderabad,17.39,78.49,0.0,0.0,0.0,33.4,32.7,34.1,10.2,14.7,8.7,none,30,none,3.3,none,0.0,0.0
deccan_plateau:indore,2026-09-24,0.0,24.8272538013652,9.164938580082977,deccan_plateau,Indore,22.72,75.86,0.0,0.0,0.0,26.1,22.8,25.7,11.8,11.7,6.2,none,31,none,-6.17,none,0.0,0.0
deccan_plateau:indore,2026-09-25,0.0,31.45191265368737,20.88493900535452,deccan_plateau,Indore,22.72,75.86,0.0,0.0,0.0,31.6,30.5,32.3,19.2,28.0,17.4,none,31,none,0.45,none,0.0,0.0
deccan_plateau:indore,2026-09-26,0.0,29.775135890378586,23.816311401542464,deccan_plateau,Indore,22.72,75.86,0.0,0.0,0.0,30.3,28.8,30.2,22.8,29.7,20.3,none,31,none,-1.22,none,0.0,0.0
deccan_plateau:indore,2026-09-27,0.0,29.60102577847198,20.743662748438886,deccan_plateau,Indore,22.72,75.86,0.0,0.0,0.0,30.3,29.3,29.2,18.4,30.1,15.5,none,31,none,-1.4,none,0.0,0.0
deccan_plateau:indore,2026-09-28,0.0,30.2741290451086,13.75058298715461,deccan_plateau,Indore,22.72,75.86,0.0,0.0,0.0,30.5,29.7,30.6,11.3,19.9,11.0,none,31,none,-0.73,none,0.0,0.0
deccan_plateau:indore,2026-09-29,0.0,31.676316781755038,9.350230958137876,deccan_plateau,Indore,22.72,75.86,0.0,0.0,0.0,31.8,31.2,32.0,8.7,15.3,6.9,none,31,none,0.68,none,0.0,0.0
deccan_plateau:indore,2026-09-30,0.0,32.21047402630438,7.838234635999981,deccan_plateau,Indore,22.72,75.86,0.0,0.0,0.0,32.8,31.3,32.6,7.9,9.7,8.5,none,31,none,1.21,none,0.0,0.0
deccan_plateau:nagpur,2026-09-24,2.410644611535949,25.63379765986788,18.92189103274106,deccan_plateau,Nagpur,21.15,79.09,3.9,0.7,3.3,26.7,24.3,26.1,21.2,23.3,12.2,none,32,none,-6.37,none,0.0,0.0
deccan_plateau:nagpur,2026-09-25,4.878097459788464,27.141551541049907,20.86067331525141,deccan_plateau,Nagpur,21.15,79.09,6.0,5.3,2.9,28.8,25.3,27.9,24.3,25.8,13.3,none,32,none,-4.86,none,0.0,0.0
deccan_plateau:nagpur,2026-09-26,3.566922793138885,31.195643728943917,22.672593234293505,deccan_plateau,Nagpur,21.15,79.09,0.0,11.1,0.0,31.7,28.0,34.0,20.1,31.3,17.2,none,32,none,-0.8,none,0.0,0.0
deccan_plateau:nagpur,2026-09-27,0.0,32.413173124975216,12.258474087672212,deccan_plateau,Nagpur,21.15,79.09,0.0,0.0,0.0,32.9,30.5,33.7,10.6,18.5,9.5,none,32,none,0.41,none,0.0,0.0
deccan_plateau:nagpur,2026-09-28,0.0,32.73414522336073,9.297377483609107,deccan_plateau,Nagpur,21.15,79.09,0.0,0.0,0.0,33.5,31.0,33.6,7.9,13.2,8.5,none,32,none,0.73,none,0.0,0.0
deccan_plateau:nagpur,2026-09-29,0.0,33.35706978892229,6.992674766688552,deccan_plateau,Nagpur,21.15,79.09,0.0,0.0,0.0,34.0,31.6,34.3,6.9,9.8,8.0,none,32,none,1.36,none,0.0,0.0
deccan_plateau:nagpur,2026-09-30,0.0,33.690660051380554,6.891663741529398,deccan_plateau,Nagpur,21.15,79.09,0.0,0.0,0.0,34.7,32.1,34.4,5.8,8.8,6.9,none,32,none,1.69,none,0.0,0.0
deccan_plateau:nashik,2026-09-24,0.31617153884888727,23.920148495530974,13.436562831150686,deccan_plateau,Nashik,20.0,73.79,0.8,0.2,0.0,25.7,22.7,24.0,14.5,16.8,11.2,none,30,none,-6.08,none,0.0,0.0
deccan_plateau:nashik,2026-09-25,0.5012271027025318,28.84328950556925,24.41291323748121,deccan_plateau,Nashik,20.0,73.79,1.6,0.0,0.0,29.3,28.2,29.0,21.7,30.1,22.6,none,30,none,-1.16,none,0.0,0.0
deccan_plateau:nashik,2026-09-26,0.0,27.810265216066448,25.63872272058824,deccan_plateau,Nashik,20.0,73.79,0.0,0.0,0.0,28.5,26.6,28.6,22.7,30.2,24.9,none,30,none,-2.19,none,0.0,0.0
deccan_plateau:nashik,2026-09-27,0.0,28.90785165219553,17.051892193842047,deccan_plateau,Nashik,20.0,73.79,0.0,0.0,0.0,29.4,27.6,29.7,12.6,23.3,17.9,none,30,none,-1.09,none,0.0,0.0
deccan_plateau:nashik,2026-09-28,0.5993964387889468,29.83647249155907,11.648295480112685,deccan_plateau,Nashik,20.0,73.79,0.0,1.7,0.0,29.9,29.7,29.9,8.4,17.9,10.9,none,30,none,-0.16,none,0.0,0.0
deccan_plateau:nashik,2026-09-29,1.4171647897642332,30.9512373860226,9.292700359190704,deccan_plateau,Nashik,20.0,73.79,0.6000000000000001,3.6,0.0,30.3,31.5,31.5,6.9,20.7,7.7,none,30,none,0.95,none,0.0,0.0
deccan_plateau:nashik,2026-09-30,0.2516561427504183,32.153592941758646,9.5960449400016,deccan_plateau,Nashik,20.0,73.79,0.0,0.6000000000000001,0.0,32.1,31.8,32.7,9.8,17.1,8.0,none,30,none,2.15,none,0.0,0.0
deccan_plateau:raipur,2026-09-24,62.6601611906711,24.319962732351968,21.20165683840533,deccan_plateau,Raipur,21.25,81.63,28.6,61.8,96.6,25.0,23.4,24.5,20.7,34.6,12.8,none,31,none,-6.68,none,0.3333333333333333,0.0
deccan_plateau:raipur,2026-09-25,104.85516456864907,24.600660955852348,24.467649976888747,deccan_plateau,Raipur,21.25,81.63,61.0,122.5,125.60000000000001,25.6,23.7,24.6,21.8,34.3,20.3,heavy,31,none,-6.4,none,0.6666666666666666,0.0
deccan_plateau:raipur,2026-09-26,2.0668063456073997,26.92833358777836,19.95245353332431,deccan_plateau,Raipur,21.25,81.63,1.8,2.3,1.8,28.5,24.1,28.4,18.7,29.0,14.1,none,31,none,-4.07,none,0.0,0.0
deccan_plateau:raipur,2026-09-27,1.0383730452060185,31.06730201088828,12.107094421576445,deccan_plateau,Raipur,21.25,81.63,0.6000000000000001,2.1,0.1,31.3,28.9,33.2,7.1,24.1,7.2,none,31,none,0.07,none,0.0,0.0
deccan_plateau:raipur,2026-09-28,0.0,31.990665877496888,7.027550676107787,deccan_plateau,Raipur,21.25,81.63,0.0,0.0,0.0,32.0,30.8,33.6,6.1,11.6,6.6,none,31,none,0.99,none,0.0,0.0
deccan_plateau:raipur,2026-09-29,0.0,32.320242996713965,6.39351035153943,deccan_plateau,Raipur,21.25,81.63,0.0,0.0,0.0,32.4,31.2,33.5,5.4,8.5,6.5,none,31,none,1.32,none,0.0,0.0
deccan_plateau:raipur,2026-09-30,0.0,32.51242300961793,6.688664331357094,deccan_plateau,Raipur,21.25,81.63,0.0,0.0,0.0,32.7,31.5,33.7,6.2,8.7,6.6,none,31,none,1.51,none,0.0,0.0
east_coast:bhubaneswar,2026-09-24,18.21700277227953,26.92561507504025,30.77908617061318,east_coast,Bhubaneswar,20.3,85.82,16.3,15.600000000000001,22.1,27.1,26.4,26.8,33.4,42.2,19.7,none,32,none,-5.07,none,0.0,0.3333333333333333
east_coast:bhubaneswar,2026-09-25,16.360719957688087,28.48673196188555,31.75450428906606,east_coast,Bhubaneswar,20.3,85.82,13.0,16.4,18.3,28.8,29.0,27.6,34.6,41.4,19.6,none,32,none,-3.51,none,0.0,0.3333333333333333
east_coast:bhubaneswar,2026-09-26,1.7629648117732168,31.46417617453996,22.64379099553306,east_coast,Bhubaneswar,20.3,85.82,4.0,1.2,0.30000000000000004,31.2,31.9,32.0,20.9,31.9,15.3,none,32,none,-0.54,none,0.0,0.0
east_coast:bhubaneswar,2026-09-27,0.351338881842574,32.3071401537663,9.14267356548431,east_coast,Bhubaneswar,20.3,85.82,1.2000000000000002,0.0,0.0,32.1,32.2,33.1,8.4,12.4,7.9,none,32,none,0.31,none,0.0,0.0
east_coast:bhubaneswar,2026-09-28,0.900946613094391,32.96565591230932,9.61050912327928,east_coast,Bhubaneswar,20.3,85.82,1.8,0.0,0.9,32.9,32.7,33.8,6.0,16.9,7.8,none,32,none,0.97,none,0.0,0.0
east_coast:bhubaneswar,2026-09-29,0.9134230280630203,33.40027225979658,8.294819832140748,east_coast,Bhubaneswar,20.3,85.82,1.8,0.30000000000000004,0.30000000000000004,33.6,33.5,33.4,5.8,16.2,5.2,none,32,none,1.4,none,0.0,0.0
east_coast:bhubaneswar,2026-09-30,0.3929443707150184,33.72480341365424,8.262386040400866,east_coast,Bhubaneswar,20.3,85.82,1.0,0.0,0.0,33.9,33.9,33.5,6.2,13.8,6.3,none,32,none,1.72,none,0.0,0.0
east_coast:chennai,2026-09-24,0.48396858273154597,29.668277770534832,16.975076216320524,east_coast,Chennai,13.08,80.27,0.0,1.5,0.0,30.1,28.7,29.4,20.4,22.3,8.4,none,33,none,-3.33,none,0.0,0.0
east_coast:chennai,2026-09-25,0.7115049804208762,34.007168416907604,19.207457172597795,east_coast,Chennai,13.08,80.27,0.6000000000000001,1.4,0.0,33.0,36.8,36.2,20.2,25.8,12.3,none,33,none,1.01,none,0.0,0.0
east_coast:chennai,2026-09-26,0.2629512742684316,34.66093159607447,14.6894389165078,east_coast,Chennai,13.08,80.27,0.6000000000000001,0.2,0.0,33.6,37.5,36.9,11.8,23.8,10.8,none,33,none,1.66,none,0.0,0.0
east_coast:chennai,2026-09-27,0.0,35.06348738445893,11.582418419050333,east_coast,Chennai,13.08,80.27,0.0,0.0,0.0,33.8,37.1,37.6,9.4,20.9,10.1,none,33,none,2.06,none,0.0,0.0
east_coast:chennai,2026-09-28,0.3078156406726743,34.484963576926866,14.189010648480622,east_coast,Chennai,13.08,80.27,0.6000000000000001,0.30000000000000004,0.0,33.4,36.8,36.0,9.7,23.6,11.2,none,33,none,1.48,none,0.0,0.0
east_coast:chennai,2026-09-29,0.4966251870222408,34.1795619218383,13.40951462805954,east_coast,Chennai,13.08,80.27,1.2000000000000002,0.0,0.0,33.2,35.6,36.7,11.5,21.9,12.1,none,33,none,1.18,none,0.0,0.0
east_coast:chennai,2026-09-30,0.22740264170760482,34.063133974262094,14.059188299588952,east_coast,Chennai,13.08,80.27,0.6000000000000001,0.0,0.0,33.1,35.0,36.2,11.3,23.5,12.1,none,33,none,1.06,none,0.0,0.0
east_coast:cuttack,2026-09-24,17.845693378705604,26.645219931998,28.897568410020483,east_coast,Cuttack,20.46,85.88,19.0,16.4,17.7,26.8,26.5,26.9,30.5,40.3,17.7,none,32,none,-5.35,none,0.0,0.3333333333333333
east_coast:cuttack,2026-09-25,16.734761012732363,28.291542933087054,29.925138093372667,east_coast,Cuttack,20.46,85.88,16.6,17.2,14.6,28.4,29.4,27.9,32.1,41.5,17.4,none,32,none,-3.71,none,0.0,0.3333333333333333
east_coast:cuttack,2026-09-26,2.026774018952665,31.572569562514687,21.550049152486963,east_coast,Cuttack,20.46,85.88,5.0,1.2,0.2,31.0,32.4,32.7,20.1,31.5,13.3,none,32,none,-0.43,none,0.0,0.0
east_coast:cuttack,2026-09-27,0.351338881842574,32.29418765693037,9.684870727212058,east_coast,Cuttack,20.46,85.88,1.2000000000000002,0.0,0.0,31.9,32.4,33.6,7.7,16.9,7.6,none,32,none,0.29,none,0.0,0.0
east_coast:cuttack,2026-09-28,0.900946613094391,33.04459186825176,9.109467359456543,east_coast,Cuttack,20.46,85.88,1.8,0.0,0.9,32.7,33.1,34.3,5.4,16.5,7.4,none,32,none,1.04,none,0.0,0.0
east_coast:cuttack,2026-09-29,0.8182193589067519,33.483032753226155,7.175162783074854,east_coast,Cuttack,20.46,85.88,1.8,0.0,0.30000000000000004,33.4,33.9,34.0,5.1,14.5,4.9,none,32,none,1.48,none,0.0,0.0
east_coast:cuttack,2026-09-30,0.4860921071847454,33.814691435749374,7.25731665926335,east_coast,Cuttack,20.46,85.88,1.0,0.0,0.30000000000000004,33.7,34.3,34.3,5.2,13.5,5.5,none,32,none,1.81,none,0.0,0.0
east_coast:kolkata,2026-09-24,11.203941088424449,27.39408093642526,21.134853457291648,east_coast,Kolkata,22.57,88.36,10.9,15.4,7.4,27.5,27.3,27.1,23.2,27.5,13.0,none,32,none,-4.61,none,0.0,0.0
east_coast:kolkata,2026-09-25,17.143899314847282,29.4122367302605,25.32627187635007,east_coast,Kolkata,22.57,88.36,19.4,12.500000000000002,20.8,29.1,30.6,30.1,27.7,32.0,15.8,none,32,none,-2.59,none,0.0,0.0
east_coast:kolkata,2026-09-26,4.406700457005745,30.596955083534787,18.403037372440405,east_coast,Kolkata,22.57,88.36,3.6,4.9,4.4,30.7,31.4,30.1,19.6,23.4,13.0,none,32,none,-1.4,none,0.0,0.0
east_coast:kolkata,2026-09-27,0.9744427739164838,32.6339097051237,8.956025495931499,east_coast,Kolkata,22.57,88.36,1.2000000000000002,0.0,2.1,32.4,33.7,32.7,8.2,17.0,5.0,none,32,none,0.63,none,0.0,0.0
east_coast:kolkata,2026-09-28,0.6072863161865136,33.21666361902979,7.049763325590416,east_coast,Kolkata,22.57,88.36,1.8,0.0,0.0,32.8,33.7,34.1,4.1,13.6,7.1,none,32,none,1.22,none,0.0,0.0
east_coast:kolkata,2026-09-29,0.472019999759672,33.449370519475046,9.917771719354525,east_coast,Kolkata,22.57,88.36,1.2000000000000002,0.0,0.0,33.4,33.7,33.5,4.5,18.7,9.8,none,32,none,1.45,none,0.0,0.0
east_coast:kolkata,2026-09-30,0.3929443707150184,33.597101388817805,7.67583485679684,east_coast,Kolkata,22.57,88.36,1.0,0.0,0.0,33.4,34.7,33.3,5.6,13.4,9.6,none,32,none,1.6,none,0.0,0.0
east_coast:nellore,2026-09-24,1.921994714275711,29.98467597941788,17.498250791807056,east_coast,Nellore,14.44,79.99,0.1,4.1,0.0,30.6,29.0,30.2,20.9,17.2,12.9,none,33,none,-3.02,none,0.0,0.0
east_coast:nellore,2026-09-25,1.2690607665834062,34.2030192616784,23.299309010339908,east_coast,Nellore,14.44,79.99,0.0,3.0,0.0,34.5,33.5,34.0,23.0,30.7,17.0,none,33,none,1.2,none,0.0,0.0
east_coast:nellore,2026-09-26,0.0,35.57462826846074,21.84598072964901,east_coast,Nellore,14.44,79.99,0.0,0.0,0.0,35.5,36.3,35.4,19.4,31.7,15.5,none,33,none,2.57,none,0.0,0.0
east_coast:nellore,2026-09-27,0.0,36.08526217271391,15.828091962344445,east_coast,Nellore,14.44,79.99,0.0,0.0,0.0,35.9,36.9,36.9,13.1,21.8,13.6,none,33,none,3.09,none,0.0,0.0
east_coast:nellore,2026-09-28,0.0,36.13879081863885,14.443581356442929,east_coast,Nellore,14.44,79.99,0.0,0.0,0.0,35.8,36.4,36.9,10.2,25.8,12.3,none,33,none,3.14,none,0.0,0.0
east_coast:nellore,2026-09-29,0.34351626266738877,35.85372571418321,14.39957958755504,east_coast,Nellore,14.44,79.99,0.6000000000000001,0.30000000000000004,0.0,35.7,35.4,37.2,10.9,23.5,12.8,none,33,none,2.85,none,0.0,0.0
east_coast:nellore,2026-09-30,0.22740264170760482,35.42801632210006,14.385907524771223,east_coast,Nellore,14.44,79.99,0.6000000000000001,0.0,0.0,35.4,34.2,37.3,11.2,21.8,12.9,none,33,none,2.43,none,0.0,0.0
east_coast:puducherry,2026-09-24,0.0,29.54574144820079,17.585980933278876,east_coast,Puducherry,11.94,79.83,0.0,0.0,0.0,30.2,28.7,28.4,19.5,22.7,12.0,none,32,none,-2.45,none,0.0,0.0
east_coast:puducherry,2026-09-25,0.0,33.69217164596949,17.4991876412104,east_coast,Puducherry,11.94,79.83,0.0,0.0,0.0,33.1,35.5,34.8,19.3,28.1,14.7,none,32,none,1.69,none,0.0,0.0
east_coast:puducherry,2026-09-26,0.0,33.610404904274304,16.891630348220964,east_coast,Puducherry,11.94,79.83,0.0,0.0,0.0,33.2,33.8,35.5,13.7,27.7,12.9,none,32,none,1.61,none,0.0,0.0
east_coast:puducherry,2026-09-27,0.0,34.36343923870621,13.646065883611254,east_coast,Puducherry,11.94,79.83,0.0,0.0,0.0,33.5,35.0,37.0,10.7,25.2,12.0,none,32,none,2.36,none,0.0,0.0
east_coast:puducherry,2026-09-28,3.528015217094568,33.29801704918845,16.505276333473137,east_coast,Puducherry,11.94,79.83,1.8,8.7,0.30000000000000004,32.8,33.8,34.4,9.7,29.8,12.2,none,32,none,1.3,none,0.0,0.0
east_coast:puducherry,2026-09-29,3.3452949152422704,32.48990587003414,13.471282634360753,east_coast,Puducherry,11.94,79.83,2.4000000000000004,3.6,4.5,32.5,31.5,33.6,10.7,19.9,12.0,none,32,none,0.49,none,0.0,0.0
east_coast:puducherry,2026-09-30,0.8927099986421347,31.830288194712303,12.940019147588178,east_coast,Puducherry,11.94,79.83,1.7000000000000002,0.8,0.0,32.3,29.4,33.1,11.8,17.9,12.2,none,32,none,-0.17,none,0.0,0.0
east_coast:visakhapatnam,2026-09-24,14.278713103080278,27.037571486716377,32.49201160811555,east_coast,Visakhapatnam,17.69,83.22,14.0,13.399999999999999,19.2,27.7,25.2,27.0,39.3,33.7,24.2,none,32,none,-4.96,none,0.0,0.0
east_coast:visakhapatnam,2026-09-25,3.2795441115540176,29.142405104257683,27.959092045729204,east_coast,Visakhapatnam,17.69,83.22,2.8000000000000003,3.6,3.5999999999999996,29.6,27.6,29.1,34.3,26.4,21.2,none,32,none,-2.86,none,0.0,0.0
east_coast:visakhapatnam,2026-09-26,0.18498306252519062,32.07834379444088,14.19074316129172,east_coast,Visakhapatnam,17.69,83.22,0.6000000000000001,0.0,0.0,31.6,34.1,32.1,15.2,18.9,12.3,none,32,none,0.08,none,0.0,0.0
east_coast:visakhapatnam,2026-09-27,0.4144929025689716,32.571085057978735,7.257749876645347,east_coast,Visakhapatnam,17.69,83.22,0.6000000000000001,0.30000000000000004,0.4,31.9,34.4,33.5,6.5,10.9,7.4,none,32,none,0.57,none,0.0,0.0
east_coast:visakhapatnam,2026-09-28,1.535524770616154,32.64554412614118,8.380578173425883,east_coast,Visakhapatnam,17.69,83.22,1.8,2.5,0.30000000000000004,31.8,34.3,33.7,4.7,14.1,8.0,none,32,none,0.65,none,0.0,0.0
east_coast:visakhapatnam,2026-09-29,1.6596760581383632,32.42694214282405,7.159386299228408,east_coast,Visakhapatnam,17.69,83.22,2.4,2.0999999999999996,0.0,32.0,33.9,32.7,5.2,10.9,7.6,none,32,none,0.43,none,0.0,0.0
east_coast:visakhapatnam,2026-09-30,0.4011904122655026,32.754447106692496,6.137917428398421,east_coast,Visakhapatnam,17.69,83.22,0.6000000000000001,0.0,0.6000000000000001,32.4,33.9,32.6,5.7,8.9,7.1,none,32,none,0.75,none,0.0,0.0
himalayan:darjeeling,2026-09-24,45.0741557729868,14.18972599405046,9.56558495780639,himalayan,Darjeeling,27.04,88.26,25.4,71.3,31.6,16.2,12.0,14.2,3.7,13.2,13.8,none,20,none,-5.81,none,0.3333333333333333,0.0
himalayan:darjeeling,2026-09-25,28.94131166424524,16.31462125484812,7.768947878763089,himalayan,Darjeeling,27.04,88.26,43.4,32.9,3.3000000000000003,17.0,14.8,17.0,4.1,11.8,10.4,none,20,none,-3.69,none,0.0,0.0
himalayan:darjeeling,2026-09-26,2.2107750740129086,18.874118297324905,6.041500052613174,himalayan,Darjeeling,27.04,88.26,4.8,1.3,0.0,19.4,18.7,18.8,4.3,10.3,6.3,none,20,none,-1.13,none,0.0,0.0
himalayan:darjeeling,2026-09-27,1.849141000101745,21.48171200305915,7.272997064319144,himalayan,Darjeeling,27.04,88.26,2.0,1.9000000000000001,1.6,23.7,21.5,20.2,4.0,10.3,8.1,none,20,none,1.48,none,0.0,0.0
himalayan:darjeeling,2026-09-28,1.8166076060802236,20.903809430204667,6.411656797170513,himalayan,Darjeeling,27.04,88.26,3.6,0.8,0.30000000000000004,23.4,20.0,19.8,4.0,8.2,8.7,none,20,none,0.9,none,0.0,0.0
himalayan:darjeeling,2026-09-29,1.7261140901771366,21.094537914590617,6.296446779190076,himalayan,Darjeeling,27.04,88.26,3.6,1.4000000000000001,0.0,23.6,20.2,20.1,3.7,7.2,8.7,none,20,none,1.09,none,0.0,0.0
himalayan:darjeeling,2026-09-30,2.5287779071086107,20.8113965139827,6.156797543381748,himalayan,Darjeeling,27.04,88.26,4.5,3.8000000000000003,0.0,23.6,19.6,19.5,3.9,6.9,8.2,none,20,none,0.81,none,0.0,0.0
himalayan:dehradun,2026-09-24,0.9693244343266811,22.158348823015224,4.901628999926695,himalayan,Dehradun,30.32,78.03,1.6,0.4,1.0,22.3,21.3,22.5,5.2,5.1,4.9,none,31,none,-8.84,none,0.0,0.0
himalayan:dehradun,2026-09-25,2.2960018255027275,26.57749241264864,7.277286154099276,himalayan,Dehradun,30.32,78.03,1.6,3.5,0.6,26.8,27.0,26.7,5.5,9.2,8.9,none,31,none,-4.42,none,0.0,0.0
himalayan:dehradun,2026-09-26,15.542374825478737,24.675731802170223,6.163705004320203,himalayan,Dehradun,30.32,78.03,1.4000000000000001,3.2,52.6,25.9,27.8,23.4,3.2,11.4,7.3,none,31,none,-6.32,none,0.0,0.0
himalayan:dehradun,2026-09-27,26.056811596881865,22.052404036059727,7.470532758587697,himalayan,Dehradun,30.32,78.03,3.0,13.5,71.5,25.6,21.0,21.0,4.8,11.2,10.2,none,31,none,-8.95,none,0.3333333333333333,0.0
himalayan:dehradun,2026-09-28,9.464472646539349,24.343239301167177,4.950231945890952,himalayan,Dehradun,30.32,78.03,1.6,25.6,0.0,27.1,20.4,24.9,4.2,8.8,4.7,none,31,none,-6.66,none,0.0,0.0
himalayan:dehradun,2026-09-29,0.20671860949761,27.66306664628314,9.071887204065144,himalayan,Dehradun,30.32,78.03,0.6000000000000001,0.0,0.0,28.5,26.4,27.8,6.0,14.7,8.1,none,31,none,-3.34,none,0.0,0.0
himalayan:dehradun,2026-09-30,0.0,28.67754747361633,7.380928621045958,himalayan,Dehradun,30.32,78.03,0.0,0.0,0.0,28.8,28.9,28.5,5.8,8.9,8.8,none,31,none,-2.32,none,0.0,0.0
himalayan:gangtok,2026-09-24,21.505150493008113,16.389435722014866,5.448774633178067,himalayan,Gangtok,27.33,88.61,19.4,34.0,6.9,15.4,15.6,17.2,2.5,8.8,7.2,none,22,none,-5.61,none,0.0,0.0
himalayan:gangtok,2026-09-25,22.712884767601974,17.742783648046007,4.884382203805987,himalayan,Gangtok,27.33,88.61,34.6,23.8,5.0,16.5,17.9,18.9,2.6,9.2,5.6,none,22,none,-4.26,none,0.0,0.0
himalayan:gangtok,2026-09-26,2.932077068717202,20.685380573000675,5.592942995982605,himalayan,Gangtok,27.33,88.61,6.2,1.9000000000000001,0.0,18.6,23.1,21.0,3.0,11.0,5.8,none,22,none,-1.31,none,0.0,0.0
himalayan:gangtok,2026-09-27,1.469647619578689,23.371622561695364,7.353788502416471,himalayan,Gangtok,27.33,88.61,3.8000000000000003,0.30000000000000004,0.0,22.9,24.5,23.3,4.2,11.0,7.5,none,22,none,1.37,none,0.0,0.0
himalayan:gangtok,2026-09-28,3.1293677946548897,23.167543345895133,8.129341824769067,himalayan,Gangtok,27.33,88.61,7.2,0.5,0.0,22.6,24.2,23.3,4.0,11.1,10.1,none,22,none,1.17,none,0.0,0.0
himalayan:gangtok,2026-09-29,2.4685776293957695,23.39374335781012,7.480759944736795,himalayan,Gangtok,27.33,88.61,6.8,0.30000000000000004,0.0,22.9,23.7,23.6,4.0,11.0,9.2,none,22,none,1.39,none,0.0,0.0
himalayan:gangtok,2026-09-30,2.4861787965957083,23.194308033018512,6.987717261348337,himalayan,Gangtok,27.33,88.61,8.3,0.6000000000000001,0.0,22.8,23.7,23.3,3.6,11.7,9.1,none,22,none,1.19,none,0.0,0.0
himalayan:itanagar,2026-09-24,0.2387497899596318,28.18848807718224,5.490317407071369,himalayan,Itanagar,27.1,93.62,0.0,0.6,0.0,27.0,27.5,29.1,3.3,8.5,5.7,none,30,none,-1.81,none,0.0,0.0
himalayan:itanagar,2026-09-25,0.8890394806737187,32.06133454724125,6.284933546419223,himalayan,Itanagar,27.1,93.62,0.0,2.0,0.0,31.8,32.7,32.0,5.2,7.9,6.4,none,30,none,2.06,none,0.0,0.0
himalayan:itanagar,2026-09-26,0.8162268606269266,31.966120501165943,7.226251399094451,himalayan,Itanagar,27.1,93.62,1.6,0.7,0.0,31.2,32.3,32.3,5.5,7.8,9.4,none,30,none,1.97,none,0.0,0.0
himalayan:itanagar,2026-09-27,1.823807045154913,30.645348685674957,7.420983096381667,himalayan,Itanagar,27.1,93.62,3.6,0.5,1.4,30.0,31.5,31.0,7.8,7.6,9.2,none,30,none,0.65,none,0.0,0.0
himalayan:itanagar,2026-09-28,2.8428597794638617,30.261258856584384,4.522839504898895,himalayan,Itanagar,27.1,93.62,2.8000000000000003,4.5,0.6000000000000001,30.0,30.0,31.3,3.1,6.4,5.9,none,30,none,0.26,none,0.0,0.0
himalayan:itanagar,2026-09-29,2.121981291560413,31.031327381833886,4.449094910837844,himalayan,Itanagar,27.1,93.62,4.4,0.7000000000000001,1.2000000000000002,31.1,31.7,31.5,2.4,7.6,4.7,none,30,none,1.03,none,0.0,0.0
himalayan:itanagar,2026-09-30,4.613287295202536,30.219375220102854,4.273988747381852,himalayan,Itanagar,27.1,93.62,11.4,1.7999999999999998,2.4,30.5,31.3,29.8,1.9,8.8,4.4,none,30,none,0.22,none,0.0,0.0
himalayan:leh,2026-09-24,0.0,7.262576157928116,5.773920372431315,himalayan,Leh,34.16,77.58,0.0,0.0,0.0,7.9,11.3,5.7,2.2,10.2,7.9,none,20,none,-12.74,none,0.0,0.0
himalayan:leh,2026-09-25,0.0,14.481504326412455,6.799726478617504,himalayan,Leh,34.16,77.58,0.0,0.0,0.0,15.0,16.4,13.4,3.1,13.5,9.6,none,20,none,-5.52,none,0.0,0.0
himalayan:leh,2026-09-26,0.0,15.108738965785731,6.732665181644383,himalayan,Leh,34.16,77.58,0.0,0.0,0.0,16.4,16.8,14.2,3.6,10.7,8.4,none,20,none,-4.89,none,0.0,0.0
himalayan:leh,2026-09-27,0.0,15.982510289260873,6.917645113831858,himalayan,Leh,34.16,77.58,0.0,0.0,0.0,17.1,17.2,15.0,3.3,12.4,8.3,none,20,none,-4.02,none,0.0,0.0
himalayan:leh,2026-09-28,0.0828502825478378,14.255740943109137,8.687755476837504,himalayan,Leh,34.16,77.58,0.2,0.0,0.0,16.5,14.2,12.9,3.7,14.0,15.1,none,20,none,-5.74,none,0.0,0.0
himalayan:leh,2026-09-29,0.7748949100753942,13.56803947251259,6.005935350646276,himalayan,Leh,34.16,77.58,1.6,0.6000000000000001,0.0,14.9,14.6,12.6,3.3,12.2,8.4,none,20,none,-6.43,none,0.0,0.0
himalayan:leh,2026-09-30,0.798815978718411,14.424348373186548,7.176703576524902,himalayan,Leh,34.16,77.58,0.0,2.4,0.0,15.6,14.2,13.7,3.1,13.1,10.0,none,20,none,-5.58,none,0.0,0.0
himalayan:shillong,2026-09-24,0.1705163602904612,21.1735973116044,4.16728476162502,himalayan,Shillong,25.58,91.89,0.6,0.0,0.0,21.6,22.3,20.5,4.2,5.6,4.3,none,24,none,-2.83,none,0.0,0.0
himalayan:shillong,2026-09-25,7.683489829268726,23.048709965561567,8.405932352471268,himalayan,Shillong,25.58,91.89,4.0,13.1,1.1,24.1,24.2,22.6,8.3,8.5,11.9,none,24,none,-0.95,none,0.0,0.0
himalayan:shillong,2026-09-26,5.096067646311958,23.97619846589278,6.001873061767458,himalayan,Shillong,25.58,91.89,4.0,7.7,2.3000000000000003,24.6,25.1,23.6,3.1,9.0,8.6,none,24,none,-0.02,none,0.0,0.0
himalayan:shillong,2026-09-27,2.375598924819525,24.03626332435277,5.729333367887888,himalayan,Shillong,25.58,91.89,1.8,3.6,1.6,25.3,25.1,23.7,5.7,7.2,8.7,none,24,none,0.04,none,0.0,0.0
himalayan:shillong,2026-09-28,1.9504849283596812,24.607717529734693,4.925450609708886,himalayan,Shillong,25.58,91.89,1.8,3.4,0.30000000000000004,25.6,24.7,24.1,3.7,5.6,6.4,none,24,none,0.61,none,0.0,0.0
himalayan:shillong,2026-09-29,5.117545397673908,24.556982870965463,4.790361464945087,himalayan,Shillong,25.58,91.89,2.4000000000000004,7.3,5.699999999999999,25.9,24.9,24.2,2.4,8.2,6.0,none,24,none,0.56,none,0.0,0.0
himalayan:shillong,2026-09-30,5.5756155336680715,23.3569655743637,4.896875748981241,himalayan,Shillong,25.58,91.89,8.1,1.8,7.5,24.3,27.2,22.0,2.6,8.4,5.7,none,24,none,-0.64,none,0.0,0.0
himalayan:shimla,2026-09-24,0.0,14.553785907359472,4.499841657427613,himalayan,Shimla,31.1,77.17,0.0,0.0,0.0,14.8,14.1,15.0,2.5,7.6,3.9,none,24,none,-9.45,none,0.0,0.0
himalayan:shimla,2026-09-25,0.1480598224236474,20.83304251290491,8.675743872515053,himalayan,Shimla,31.1,77.17,0.6000000000000001,0.0,0.0,19.8,21.5,21.2,7.1,10.7,8.8,none,24,none,-3.17,none,0.0,0.0
himalayan:shimla,2026-09-26,0.48151908003332766,19.93809231249885,6.872565051746269,himalayan,Shimla,31.1,77.17,0.6000000000000001,0.7,0.0,20.0,21.8,19.7,6.5,9.1,6.4,none,24,none,-4.06,none,0.0,0.0
himalayan:shimla,2026-09-27,16.22845743210445,18.93520465688008,6.704091112655293,himalayan,Shimla,31.1,77.17,1.4000000000000001,44.6,0.1,19.6,18.3,19.2,6.3,13.4,4.2,none,24,none,-5.06,none,0.0,0.0
himalayan:shimla,2026-09-28,26.945951708280095,18.235191250679357,5.913257253368883,himalayan,Shimla,31.1,77.17,4.8,70.2,3.9,19.5,11.8,19.9,3.8,11.2,6.3,none,24,none,-5.76,none,0.3333333333333333,0.0
himalayan:shimla,2026-09-29,2.20613776142586,19.846111812135053,6.765364917495989,himalayan,Shimla,31.1,77.17,2.8000000000000003,3.6,0.0,20.5,15.6,21.2,5.4,9.4,8.0,none,24,none,-4.15,none,0.0,0.0
himalayan:shimla,2026-09-30,0.3215254986166812,21.62361697926902,8.034595548170705,himalayan,Shimla,31.1,77.17,1.2000000000000002,0.0,0.0,21.3,21.5,21.9,7.0,10.1,8.0,none,24,none,-2.38,none,0.0,0.0
himalayan:srinagar,2026-09-24,0.1545758562545402,13.931843739003424,3.1354655850686703,himalayan,Srinagar,34.08,74.8,0.0,0.4,0.0,15.2,13.9,13.5,3.6,4.6,3.7,none,28,none,-14.07,none,0.0,0.0
himalayan:srinagar,2026-09-25,0.3866746088986024,26.11130503010512,4.636033891332851,himalayan,Srinagar,34.08,74.8,0.0,0.8999999999999999,0.0,23.2,28.1,27.1,3.6,7.7,6.6,none,28,none,-1.89,none,0.0,0.0
himalayan:srinagar,2026-09-26,0.0,27.36347434446366,4.601777866951396,himalayan,Srinagar,34.08,74.8,0.0,0.0,0.0,24.9,28.5,28.1,3.5,8.6,3.7,none,28,none,-0.64,none,0.0,0.0
himalayan:srinagar,2026-09-27,0.0,27.422316865475903,6.196077328054302,himalayan,Srinagar,34.08,74.8,0.0,0.0,0.0,25.6,29.3,27.9,3.9,13.7,4.7,none,28,none,-0.58,none,0.0,0.0
himalayan:srinagar,2026-09-28,0.47283368712241347,24.151682471406588,3.497689146410077,himalayan,Srinagar,34.08,74.8,0.0,1.4000000000000001,0.0,23.2,27.5,23.5,3.8,6.5,3.4,none,28,none,-3.85,none,0.0,0.0
himalayan:srinagar,2026-09-29,0.32626187664083134,25.90142585880739,8.651958817245648,himalayan,Srinagar,34.08,74.8,0.0,1.0,0.0,22.9,27.2,27.0,3.8,22.1,7.7,none,28,none,-2.1,none,0.0,0.0
himalayan:srinagar,2026-09-30,0.5157052729286056,26.63481586913498,4.17212671116282,himalayan,Srinagar,34.08,74.8,0.0,1.5,0.0,24.3,28.0,27.9,3.9,9.0,5.1,none,28,none,-1.37,none,0.0,0.0
indo_gangetic:agra,2026-09-24,0.0,26.28385408784288,13.144135801006676,indo_gangetic,Agra,27.18,78.02,0.0,0.0,0.0,27.3,25.5,26.4,13.2,20.7,7.1,none,35,none,-8.72,none,0.0,0.0
indo_gangetic:agra,2026-09-25,1.7069500849194457,28.188368088247103,17.66358290495271,indo_gangetic,Agra,27.18,78.02,0.8,1.8,2.5,30.2,28.6,27.0,18.8,23.9,15.3,none,35,none,-6.81,none,0.0,0.0
indo_gangetic:agra,2026-09-26,0.5922419012096132,25.79541377190484,15.998355010625982,indo_gangetic,Agra,27.18,78.02,1.0,0.30000000000000004,0.4,29.2,26.0,22.5,12.3,23.3,16.1,none,35,none,-9.2,none,0.0,0.0
indo_gangetic:agra,2026-09-27,12.632047034857422,25.650289093818355,13.564275709939391,indo_gangetic,Agra,27.18,78.02,0.0,30.5,0.0,31.4,21.5,30.7,6.7,32.1,10.6,none,35,none,-9.35,none,0.0,0.0
indo_gangetic:agra,2026-09-28,0.1743758812054404,28.77868071869991,7.46699821016694,indo_gangetic,Agra,27.18,78.02,0.6000000000000001,0.0,0.0,32.3,25.3,30.6,6.5,15.0,6.6,none,35,none,-6.22,none,0.0,0.0
indo_gangetic:agra,2026-09-29,0.0,32.693350500403,11.528865897216672,indo_gangetic,Agra,27.18,78.02,0.0,0.0,0.0,34.0,32.3,32.1,10.2,15.5,9.9,none,35,none,-2.31,none,0.0,0.0
indo_gangetic:agra,2026-09-30,0.0,34.35680073278332,12.373719602488526,indo_gangetic,Agra,27.18,78.02,0.0,0.0,0.0,34.7,34.5,33.6,12.9,15.8,11.0,none,35,none,-0.64,none,0.0,0.0
indo_gangetic:amritsar,2026-09-24,0.0,25.91188869382192,7.39990721911365,indo_gangetic,Amritsar,31.63,74.87,0.0,0.0,0.0,25.7,26.2,25.7,6.8,12.0,4.7,none,34,none,-8.09,none,0.0,0.0
indo_gangetic:amritsar,2026-09-25,0.0276039291029478,35.13068385446629,7.969504258122416,indo_gangetic,Amritsar,31.63,74.87,0.0,0.0,0.1,32.2,38.6,33.7,5.4,16.8,7.2,none,34,none,1.13,none,0.0,0.0
indo_gangetic:amritsar,2026-09-26,0.0,35.8110476056445,9.73998413218462,indo_gangetic,Amritsar,31.63,74.87,0.0,0.0,0.0,33.5,39.1,33.6,6.7,20.9,7.9,none,34,none,1.81,none,0.0,0.0
indo_gangetic:amritsar,2026-09-27,0.1740007418544358,35.53364181234083,9.753796377036345,indo_gangetic,Amritsar,31.63,74.87,0.0,0.4,0.0,33.5,37.3,34.6,5.8,21.4,12.0,none,34,none,1.53,none,0.0,0.0
indo_gangetic:amritsar,2026-09-28,0.6241938855227673,32.68956768270453,11.041360320828034,indo_gangetic,Amritsar,31.63,74.87,0.6000000000000001,1.1,0.0,32.1,34.7,30.0,4.9,29.7,8.7,none,34,none,-1.31,none,0.0,0.0
indo_gangetic:amritsar,2026-09-29,0.1226776375410892,34.16363881771388,7.900008995150652,indo_gangetic,Amritsar,31.63,74.87,0.0,0.3,0.0,33.1,35.4,33.3,7.0,12.2,10.8,none,34,none,0.16,none,0.0,0.0
indo_gangetic:amritsar,2026-09-30,0.17597710504742942,36.34294267819782,7.815015344897539,indo_gangetic,Amritsar,31.63,74.87,0.0,0.6000000000000001,0.0,33.7,39.0,34.2,7.7,14.7,10.2,none,34,none,2.34,none,0.0,0.0
indo_gangetic:bareilly,2026-09-24,0.435248088889743,24.61210030100568,10.31666595603044,indo_gangetic,Bareilly,28.35,79.43,1.6,0.0,0.0,25.7,23.0,25.9,8.7,16.0,6.5,none,33,none,-8.39,none,0.0,0.0
indo_gangetic:bareilly,2026-09-25,59.39196384369335,25.257508628037485,15.412372242736666,indo_gangetic,Bareilly,28.35,79.43,70.4,19.8,97.2,26.6,24.7,25.4,9.5,19.3,19.4,none,33,none,-7.74,none,0.6666666666666666,0.0
indo_gangetic:bareilly,2026-09-26,140.38192812469862,21.94540126347801,17.980482186132868,indo_gangetic,Bareilly,28.35,79.43,108.4,179.6,129.6,23.1,21.0,23.0,14.4,29.5,19.6,very_heavy,33,none,-11.05,none,1.0,0.0
indo_gangetic:bareilly,2026-09-27,14.48698244640005,23.263543088247825,12.597183534632368,indo_gangetic,Bareilly,28.35,79.43,7.0,24.8,6.2,25.0,22.7,23.1,11.0,25.4,13.5,none,33,none,-9.74,none,0.0,0.0
indo_gangetic:bareilly,2026-09-28,2.759939029583672,27.797662619063782,9.34368300706582,indo_gangetic,Bareilly,28.35,79.43,1.0,6.0,0.0,29.3,26.5,28.7,4.8,20.2,7.4,none,33,none,-5.2,none,0.0,0.0
indo_gangetic:bareilly,2026-09-29,0.43961919668998817,29.95528426289283,8.103916480828609,indo_gangetic,Bareilly,28.35,79.43,0.0,1.1,0.0,31.3,28.3,31.2,9.7,9.0,8.4,none,33,none,-3.04,none,0.0,0.0
indo_gangetic:bareilly,2026-09-30,0.0,31.12706384512003,12.511055697306702,indo_gangetic,Bareilly,28.35,79.43,0.0,0.0,0.0,31.5,30.2,32.6,11.7,16.8,13.1,none,33,none,-1.87,none,0.0,0.0
indo_gangetic:chandigarh,2026-09-24,0.2120038628290734,25.536894096178397,8.398973088276529,indo_gangetic,Chandigarh,30.73,76.78,0.8,0.0,0.0,26.3,24.5,26.6,11.1,10.3,7.1,none,33,none,-7.46,none,0.0,0.0
indo_gangetic:chandigarh,2026-09-25,0.4807425010502973,32.99369128673055,9.852813255896272,indo_gangetic,Chandigarh,30.73,76.78,0.4,0.0,1.2,31.9,35.0,30.9,10.2,19.9,8.7,none,33,none,-0.01,none,0.0,0.0
indo_gangetic:chandigarh,2026-09-26,0.0,31.478120740771537,11.535722778772062,indo_gangetic,Chandigarh,30.73,76.78,0.0,0.0,0.0,32.5,33.0,28.1,10.1,24.6,8.4,none,33,none,-1.52,none,0.0,0.0
indo_gangetic:chandigarh,2026-09-27,7.699532827058787,27.965430943085664,10.184048755565287,indo_gangetic,Chandigarh,30.73,76.78,0.0,17.7,0.0,31.8,27.2,28.8,7.8,17.9,13.2,none,33,none,-5.03,none,0.0,0.0
indo_gangetic:chandigarh,2026-09-28,20.585564075000946,26.154729476293653,9.2903685712284,indo_gangetic,Chandigarh,30.73,76.78,0.6000000000000001,49.2,0.0,32.0,20.6,28.9,6.5,17.5,8.2,none,33,none,-6.85,none,0.0,0.0
indo_gangetic:chandigarh,2026-09-29,2.813653257512677,28.827375793495563,12.580441335960389,indo_gangetic,Chandigarh,30.73,76.78,0.0,6.9,0.0,33.0,25.1,31.8,13.6,12.1,13.2,none,33,none,-4.17,none,0.0,0.0
indo_gangetic:chandigarh,2026-09-30,0.08798855252371471,32.66764321052072,15.10729867657468,indo_gangetic,Chandigarh,30.73,76.78,0.0,0.30000000000000004,0.0,33.3,32.4,32.4,17.9,15.3,14.2,none,33,none,-0.33,none,0.0,0.0
indo_gangetic:delhi,2026-09-24,0.0,28.96279929775892,12.100994161167948,indo_gangetic,Delhi,28.61,77.21,0.0,0.0,0.0,28.2,30.0,28.2,13.3,16.8,8.3,none,35,none,-6.04,none,0.0,0.0
indo_gangetic:delhi,2026-09-25,0.3712104700629234,33.52545221860876,12.31788562350334,indo_gangetic,Delhi,28.61,77.21,0.0,0.0,1.2999999999999998,32.6,35.2,31.8,8.0,20.5,11.8,none,35,none,-1.47,none,0.0,0.0
indo_gangetic:delhi,2026-09-26,0.6681524279165139,30.52993657479432,13.662009656018856,indo_gangetic,Delhi,28.61,77.21,0.0,1.2,0.8,32.6,32.6,25.3,7.9,27.4,13.6,none,35,none,-4.47,none,0.0,0.0
indo_gangetic:delhi,2026-09-27,25.2535749410241,25.31014973435613,12.383951472051754,indo_gangetic,Delhi,28.61,77.21,0.0,58.3,0.0,32.4,23.3,27.2,7.5,24.4,12.5,none,35,none,-9.69,none,0.0,0.0
indo_gangetic:delhi,2026-09-28,1.7217539412283038,26.61201938537659,7.578365334816005,indo_gangetic,Delhi,28.61,77.21,0.0,4.0,0.0,33.5,22.2,26.9,7.3,11.2,9.2,none,35,none,-8.39,none,0.0,0.0
indo_gangetic:delhi,2026-09-29,0.0,31.83580909823485,12.722171416471744,indo_gangetic,Delhi,28.61,77.21,0.0,0.0,0.0,34.4,30.2,32.2,12.3,17.2,8.9,none,35,none,-3.16,none,0.0,0.0
indo_gangetic:delhi,2026-09-30,0.0,34.85136496189378,13.389724177122291,indo_gangetic,Delhi,28.61,77.21,0.0,0.0,0.0,34.9,35.6,33.2,16.9,13.8,10.3,none,35,none,-0.15,none,0.0,0.0
indo_gangetic:jaipur,2026-09-24,0.0,27.62256939189525,10.695188335248252,indo_gangetic,Jaipur,26.91,75.79,0.0,0.0,0.0,28.3,27.1,27.7,11.9,15.8,6.9,none,35,none,-7.38,none,0.0,0.0
indo_gangetic:jaipur,2026-09-25,0.0,32.952404383495654,15.177023182307687,indo_gangetic,Jaipur,26.91,75.79,0.0,0.0,0.0,32.7,33.4,32.8,10.8,25.3,14.4,none,35,none,-2.05,none,0.0,0.0
indo_gangetic:jaipur,2026-09-26,1.6564775151313598,34.02255040845583,12.714904057481144,indo_gangetic,Jaipur,26.91,75.79,0.0,4.5,0.0,34.0,35.1,32.3,13.3,23.6,13.5,none,35,none,-0.98,none,0.0,0.0
indo_gangetic:jaipur,2026-09-27,4.250628453333752,31.702307404186424,13.075599768173795,indo_gangetic,Jaipur,26.91,75.79,0.6000000000000001,3.8,9.5,33.3,29.8,34.9,14.4,16.2,15.6,none,35,none,-3.3,none,0.0,0.0
indo_gangetic:jaipur,2026-09-28,2.8116138955941077,32.58120379518435,14.063096706277062,indo_gangetic,Jaipur,26.91,75.79,0.6000000000000001,1.6,6.6000000000000005,32.9,34.5,29.4,12.3,21.4,14.0,none,35,none,-2.42,none,0.0,0.0
indo_gangetic:jaipur,2026-09-29,0.47711213999457147,34.13111467700661,14.761280495294962,indo_gangetic,Jaipur,26.91,75.79,0.0,1.2000000000000002,0.0,34.0,34.6,33.5,12.4,23.7,10.2,none,35,none,-0.87,none,0.0,0.0
indo_gangetic:jaipur,2026-09-30,0.0,34.763071052222635,14.661640026005951,indo_gangetic,Jaipur,26.91,75.79,0.0,0.0,0.0,34.8,35.1,34.0,13.7,22.7,10.4,none,35,none,-0.24,none,0.0,0.0
indo_gangetic:kanpur,2026-09-24,5.397933131251455,24.499808411780283,17.527632708651105,indo_gangetic,Kanpur,26.45,80.35,9.1,2.7,5.6,25.7,23.2,25.2,19.1,20.7,13.2,none,34,none,-9.5,none,0.0,0.0
indo_gangetic:kanpur,2026-09-25,87.37349592167283,23.39471926528845,25.58585665217045,indo_gangetic,Kanpur,26.45,80.35,94.2,91.0,74.1,24.4,22.7,23.6,25.1,36.1,16.6,heavy,34,none,-10.61,none,1.0,0.0
indo_gangetic:kanpur,2026-09-26,53.59124431325638,23.440999034655928,20.54145173469664,indo_gangetic,Kanpur,26.45,80.35,54.6,45.3,60.8,23.7,23.3,24.8,23.5,27.2,14.2,none,34,none,-10.56,none,0.0,0.0
indo_gangetic:kanpur,2026-09-27,0.5956593571740622,24.8240565789764,13.815873937656615,indo_gangetic,Kanpur,26.45,80.35,0.0,1.6,0.0,28.6,22.3,26.0,7.8,28.2,5.8,none,34,none,-9.18,none,0.0,0.0
indo_gangetic:kanpur,2026-09-28,0.3878733001279638,28.63887635453945,8.802988909977016,indo_gangetic,Kanpur,26.45,80.35,0.2,0.8,0.0,29.6,26.8,31.0,9.7,14.0,6.9,none,34,none,-5.36,none,0.0,0.0
indo_gangetic:kanpur,2026-09-29,0.3047947702014048,31.208291978360784,12.11554822541402,indo_gangetic,Kanpur,26.45,80.35,1.0,0.0,0.0,31.7,30.4,32.0,9.1,18.5,12.2,none,34,none,-2.79,none,0.0,0.0
indo_gangetic:kanpur,2026-09-30,0.0,32.27934930084957,12.747054189166851,indo_gangetic,Kanpur,26.45,80.35,0.0,0.0,0.0,33.0,31.6,32.9,11.8,18.4,10.9,none,34,none,-1.72,none,0.0,0.0
indo_gangetic:lucknow,2026-09-24,10.466403767731796,24.2077280648275,16.93438026800257,indo_gangetic,Lucknow,26.85,80.95,16.7,8.0,8.3,24.9,23.2,25.0,19.7,20.0,14.2,none,34,none,-9.79,none,0.0,0.0
indo_gangetic:lucknow,2026-09-25,111.1565969004371,23.122037010059493,22.26030695820304,indo_gangetic,Lucknow,26.85,80.95,109.8,112.7,113.9,24.1,22.6,23.5,23.0,32.3,17.4,heavy,34,none,-10.88,none,1.0,0.0
indo_gangetic:lucknow,2026-09-26,53.83561014879799,24.027114293420343,20.959392443273703,indo_gangetic,Lucknow,26.85,80.95,57.0,48.0,55.7,24.5,23.8,25.3,21.7,30.6,15.1,none,34,none,-9.97,none,0.0,0.0
indo_gangetic:lucknow,2026-09-27,1.0240696198990993,25.022616523088665,12.78271764718242,indo_gangetic,Lucknow,26.85,80.95,1.2000000000000002,1.6,0.0,27.4,24.1,24.7,7.4,23.8,7.0,none,34,none,-8.98,none,0.0,0.0
indo_gangetic:lucknow,2026-09-28,0.353705874679713,28.024291721884065,7.644921296281726,indo_gangetic,Lucknow,26.85,80.95,0.6000000000000001,0.4,0.0,29.0,25.9,30.8,5.9,15.0,4.6,none,34,none,-5.98,none,0.0,0.0
indo_gangetic:lucknow,2026-09-29,0.5433508401986907,31.456690491901917,10.752631362766904,indo_gangetic,Lucknow,26.85,80.95,1.0,0.6000000000000001,0.0,31.2,31.0,32.6,8.3,16.6,8.8,none,34,none,-2.54,none,0.0,0.0
indo_gangetic:lucknow,2026-09-30,0.0,31.69741040906468,10.913452148527334,indo_gangetic,Lucknow,26.85,80.95,0.0,0.0,0.0,32.7,30.8,32.9,11.4,11.5,10.9,none,34,none,-2.3,none,0.0,0.0
indo_gangetic:patna,2026-09-24,13.026108137893178,24.41453451113349,28.00241354834744,indo_gangetic,Patna,25.59,85.14,18.3,12.1,9.1,25.8,23.5,24.6,31.4,34.3,18.0,none,33,none,-8.59,none,0.0,0.0
indo_gangetic:patna,2026-09-25,16.20012784823119,27.031591961217,30.909370665713254,indo_gangetic,Patna,25.59,85.14,28.2,9.4,11.3,27.0,27.2,27.7,34.6,39.5,24.9,none,33,none,-5.97,none,0.0,0.0
indo_gangetic:patna,2026-09-26,18.38237079974576,29.016644778016293,28.454189032050103,indo_gangetic,Patna,25.59,85.14,23.4,7.8,26.0,28.3,29.8,29.2,32.7,33.2,22.8,none,33,none,-3.98,none,0.0,0.0
indo_gangetic:patna,2026-09-27,0.5916416052488621,32.18087925476198,8.042915548793133,indo_gangetic,Patna,25.59,85.14,0.4,1.1,0.0,30.6,33.5,31.4,5.7,16.1,4.0,none,33,none,-0.82,none,0.0,0.0
indo_gangetic:patna,2026-09-28,0.0581252937351468,32.058260089498305,8.66894896211188,indo_gangetic,Patna,25.59,85.14,0.2,0.0,0.0,31.3,32.7,32.0,6.9,16.1,7.9,none,33,none,-0.94,none,0.0,0.0
indo_gangetic:patna,2026-09-29,0.179098648380664,32.79921490088563,12.14292228060519,indo_gangetic,Patna,25.59,85.14,0.6000000000000001,0.0,0.0,31.8,33.9,32.2,8.7,17.4,11.3,none,33,none,-0.2,none,0.0,0.0
indo_gangetic:patna,2026-09-30,0.1256961218207408,33.41337518742844,10.483694618535871,indo_gangetic,Patna,25.59,85.14,0.4,0.0,0.0,32.2,34.6,32.5,7.9,16.6,9.1,none,33,none,0.41,none,0.0,0.0
indo_gangetic:varanasi,2026-09-24,15.997336186663642,24.09228251828508,25.406446282818862,indo_gangetic,Varanasi,25.32,83.01,16.400000000000002,14.4,18.6,25.7,23.0,24.5,26.4,33.4,17.3,none,33,none,-8.91,none,0.0,0.0
indo_gangetic:varanasi,2026-09-25,17.81770977578518,25.594613548071894,28.422921010721037,indo_gangetic,Varanasi,25.32,83.01,22.8,13.0,17.7,27.0,24.7,26.2,29.7,42.4,20.2,none,33,none,-7.41,none,0.0,0.3333333333333333
indo_gangetic:varanasi,2026-09-26,16.615650664927838,26.53397744689516,27.24860887591405,indo_gangetic,Varanasi,25.32,83.01,7.6,21.6,22.3,27.1,26.6,26.5,25.1,37.5,21.3,none,33,none,-6.47,none,0.0,0.0
indo_gangetic:varanasi,2026-09-27,0.438462578107419,28.463689686806333,10.317302531635264,indo_gangetic,Varanasi,25.32,83.01,1.2000000000000002,0.1,0.0,30.1,27.0,29.6,6.2,21.3,7.8,none,33,none,-4.54,none,0.0,0.0
indo_gangetic:varanasi,2026-09-28,0.6896751665179592,30.53765749326198,9.695898950001808,indo_gangetic,Varanasi,25.32,83.01,1.2000000000000002,0.0,1.2000000000000002,31.0,30.3,30.5,9.7,14.2,7.2,none,33,none,-2.46,none,0.0,0.0
indo_gangetic:varanasi,2026-09-29,0.179098648380664,31.78780516890852,12.275448406986118,indo_gangetic,Varanasi,25.32,83.01,0.6000000000000001,0.0,0.0,31.4,31.8,32.2,12.0,16.9,9.0,none,33,none,-1.21,none,0.0,0.0
indo_gangetic:varanasi,2026-09-30,0.36220510361196256,32.346878748881664,12.747213444988844,indo_gangetic,Varanasi,25.32,83.01,1.0,0.0,0.0,32.6,32.4,31.9,11.0,20.4,10.3,none,33,none,-0.65,none,0.0,0.0
peninsular_south:coimbatore,2026-09-24,0.3000950897055551,25.056738529461654,20.38101756056173,peninsular_south,Coimbatore,11.02,76.97,1.0,0.0,0.0,25.4,24.1,25.0,24.5,18.9,17.8,none,31,none,-5.94,none,0.0,0.0
peninsular_south:coimbatore,2026-09-25,0.3937139887860517,29.75406788271305,25.59054474308436,peninsular_south,Coimbatore,11.02,76.97,1.4000000000000001,0.0,0.0,28.8,30.8,31.6,26.0,26.6,26.3,none,31,none,-1.25,none,0.0,0.0
peninsular_south:coimbatore,2026-09-26,0.2062877247215586,32.03387394577034,20.816719889546047,peninsular_south,Coimbatore,11.02,76.97,0.6000000000000001,0.0,0.0,31.4,32.1,33.6,18.5,21.9,23.0,none,31,none,1.03,none,0.0,0.0
peninsular_south:coimbatore,2026-09-27,0.1630878439262388,33.23599324608041,14.137489004984326,peninsular_south,Coimbatore,11.02,76.97,0.0,0.4,0.0,32.7,33.2,34.8,11.5,18.9,16.4,none,31,none,2.24,none,0.0,0.0
peninsular_south:coimbatore,2026-09-28,2.967150609147169,32.61360003612857,16.13945608434677,peninsular_south,Coimbatore,11.02,76.97,5.0,0.1,3.3000000000000003,31.8,34.1,35.0,11.6,21.1,16.7,none,31,none,1.61,none,0.0,0.0
peninsular_south:coimbatore,2026-09-29,3.794142771159402,31.6562500262633,13.538590412861096,peninsular_south,Coimbatore,11.02,76.97,6.0,3.5,0.9,30.6,34.4,32.2,9.5,20.1,12.8,none,31,none,0.66,none,0.0,0.0
peninsular_south:coimbatore,2026-09-30,10.191243316581952,31.46013735141846,9.32467527841891,peninsular_south,Coimbatore,11.02,76.97,7.8,7.7,16.2,31.0,32.3,32.0,8.9,18.2,8.0,none,31,none,0.46,none,0.0,0.0
peninsular_south:madurai,2026-09-24,0.0,28.284055633578703,12.414652878246246,peninsular_south,Madurai,9.93,78.12,0.0,0.0,0.0,29.7,26.6,27.8,13.8,13.8,9.1,none,34,none,-5.72,none,0.0,0.0
peninsular_south:madurai,2026-09-25,0.0,35.75652008130038,22.2415622729374,peninsular_south,Madurai,9.93,78.12,0.0,0.0,0.0,35.8,34.1,37.1,16.6,29.0,21.4,none,34,none,1.76,none,0.0,0.0
peninsular_south:madurai,2026-09-26,0.0,36.40730674135886,8.669348077114963,peninsular_south,Madurai,9.93,78.12,0.0,0.0,0.0,37.4,31.9,38.0,5.5,15.7,7.6,none,34,none,2.41,none,0.0,0.0
peninsular_south:madurai,2026-09-27,0.8905541834904119,36.91696457883257,8.481973985396431,peninsular_south,Madurai,9.93,78.12,2.4000000000000004,0.0,0.0,37.8,33.5,38.3,6.0,15.6,13.4,none,34,none,2.92,none,0.0,0.0
peninsular_south:madurai,2026-09-28,7.1991077583900385,35.7756807073505,11.487788613833237,peninsular_south,Madurai,9.93,78.12,9.2,0.1,12.899999999999999,35.5,36.1,38.7,3.9,26.3,11.6,none,34,none,1.78,none,0.0,0.0
peninsular_south:madurai,2026-09-29,7.527827934438481,34.003268782988016,9.962589042436775,peninsular_south,Madurai,9.93,78.12,13.2,3.1999999999999997,6.0,34.3,35.1,33.8,2.7,22.7,7.4,none,34,none,0.0,none,0.0,0.0
peninsular_south:madurai,2026-09-30,11.482669670041977,32.9647648379051,5.184309057682375,peninsular_south,Madurai,9.93,78.12,11.4,9.4,14.4,33.6,32.4,33.9,3.1,13.0,7.4,none,34,none,-1.04,none,0.0,0.0
peninsular_south:mysuru,2026-09-24,0.1304939826367442,23.51621131860937,18.57904636213351,peninsular_south,Mysuru,12.3,76.65,0.4,0.0,0.0,24.4,21.9,22.7,18.9,23.0,15.2,none,28,none,-4.48,none,0.0,0.0
peninsular_south:mysuru,2026-09-25,1.2502774916529402,28.329488100280884,24.70643586813005,peninsular_south,Mysuru,12.3,76.65,4.4,0.0,0.1,27.7,30.7,28.5,22.1,31.3,21.7,none,28,none,0.33,none,0.0,0.0
peninsular_south:mysuru,2026-09-26,0.4125754494431172,30.207205214877693,19.52907680854406,peninsular_south,Mysuru,12.3,76.65,1.2000000000000002,0.0,0.0,29.9,30.3,31.0,13.8,30.1,16.0,none,28,none,2.21,none,0.0,0.0
peninsular_south:mysuru,2026-09-27,0.519489940369407,31.326478912456487,10.927540688673222,peninsular_south,Mysuru,12.3,76.65,1.4000000000000001,0.0,0.0,31.5,31.5,32.8,6.7,25.5,9.6,none,28,none,3.33,none,0.0,0.0
peninsular_south:mysuru,2026-09-28,8.734757914167055,31.038723356194787,13.3956137647892,peninsular_south,Mysuru,12.3,76.65,10.4,0.0,17.099999999999998,30.3,33.6,32.9,5.7,21.4,14.8,none,28,none,3.04,none,0.0,0.0
peninsular_south:mysuru,2026-09-29,8.677423530796982,29.39566522221351,8.909859873074922,peninsular_south,Mysuru,12.3,76.65,14.2,0.0,14.399999999999999,28.6,32.2,29.3,6.7,13.3,8.7,none,28,none,1.4,none,0.0,0.0
peninsular_south:mysuru,2026-09-30,12.605959606787957,29.685816361079944,6.394673165934097,peninsular_south,Mysuru,12.3,76.65,12.1,20.8,1.8,29.2,32.2,29.0,3.3,17.2,8.1,none,28,none,1.69,none,0.0,0.0
peninsular_south:salem,2026-09-24,0.0,27.235717715011106,8.2122648274954,peninsular_south,Salem,11.66,78.15,0.0,0.0,0.0,29.1,24.3,25.6,10.8,8.2,6.4,none,32,none,-4.76,none,0.0,0.0
peninsular_south:salem,2026-09-25,0.5701859901933075,32.96824326940514,13.413542281656008,peninsular_south,Salem,11.66,78.15,1.7999999999999998,0.1,0.1,33.4,32.4,33.1,16.9,17.7,14.2,none,32,none,0.97,none,0.0,0.0
peninsular_south:salem,2026-09-26,0.2062877247215586,34.05733827603712,10.539257466826106,peninsular_south,Salem,11.66,78.15,0.6000000000000001,0.0,0.0,35.0,31.9,33.5,13.2,10.2,9.0,none,32,none,2.06,none,0.0,0.0
peninsular_south:salem,2026-09-27,0.519489940369407,34.09903887545963,8.476656336639264,peninsular_south,Salem,11.66,78.15,1.4000000000000001,0.0,0.0,35.4,30.5,34.9,7.4,9.0,10.7,none,32,none,2.1,none,0.0,0.0
peninsular_south:salem,2026-09-28,9.068496052076068,34.140771587412566,9.221577445267728,peninsular_south,Salem,11.66,78.15,11.4,5.0,10.5,34.4,34.0,34.6,4.6,10.5,18.5,none,32,none,2.14,none,0.0,0.0
peninsular_south:salem,2026-09-29,10.868934564895044,33.43397902406895,5.056794824331112,peninsular_south,Salem,11.66,78.15,10.799999999999999,13.5,6.6000000000000005,33.4,33.9,33.4,4.1,9.3,4.5,none,32,none,1.43,none,0.0,0.0
peninsular_south:salem,2026-09-30,12.487594996378753,33.13720080717692,5.350520192684322,peninsular_south,Salem,11.66,78.15,10.8,19.3,4.800000000000001,33.9,31.6,32.6,2.8,13.2,6.3,none,32,none,1.14,none,0.0,0.0
peninsular_south:tiruchirappalli,2026-09-24,0.0,28.32167983798148,18.79637607039659,peninsular_south,Tiruchirappalli,10.79,78.7,0.0,0.0,0.0,29.6,27.7,27.1,19.8,28.3,7.2,none,34,none,-5.68,none,0.0,0.0
peninsular_south:tiruchirappalli,2026-09-25,0.0,35.49332982492608,22.57166284634045,peninsular_south,Tiruchirappalli,10.79,78.7,0.0,0.0,0.0,35.1,35.5,36.8,20.3,30.8,16.9,none,34,none,1.49,none,0.0,0.0
peninsular_south:tiruchirappalli,2026-09-26,0.0,36.2106217959439,21.980197470739505,peninsular_south,Tiruchirappalli,10.79,78.7,0.0,0.0,0.0,36.4,34.0,37.8,17.2,33.5,15.5,none,34,none,2.21,none,0.0,0.0
peninsular_south:tiruchirappalli,2026-09-27,0.7494595595809285,36.29039433094312,17.309610353496872,peninsular_south,Tiruchirappalli,10.79,78.7,1.8,0.2,0.0,35.9,35.5,38.3,10.5,27.1,15.2,none,34,none,2.29,none,0.0,0.0
peninsular_south:tiruchirappalli,2026-09-28,7.182599290426485,35.50665420343764,12.6793816427573,peninsular_south,Tiruchirappalli,10.79,78.7,8.0,6.6,6.6000000000000005,34.9,37.0,37.3,5.7,23.8,10.4,none,34,none,1.51,none,0.0,0.0
peninsular_south:tiruchirappalli,2026-09-29,45.44219514985263,34.58380920134747,11.31948157236446,peninsular_south,Tiruchirappalli,10.79,78.7,10.0,101.3,7.2,34.0,36.1,35.0,6.0,22.0,7.9,none,34,none,0.58,none,0.3333333333333333,0.0
peninsular_south:tiruchirappalli,2026-09-30,9.218939155744444,33.63557220755936,9.389042322030964,peninsular_south,Tiruchirappalli,10.79,78.7,7.5,14.4,3.9000000000000004,34.0,31.7,34.8,5.0,27.4,6.4,none,34,none,-0.36,none,0.0,0.0
peninsular_south:vellore,2026-09-24,0.0803420574037124,28.581592004034597,21.33346835432833,peninsular_south,Vellore,12.92,79.13,0.0,0.2,0.0,29.4,28.5,28.1,18.1,31.7,16.8,none,33,none,-4.42,none,0.0,0.0
peninsular_south:vellore,2026-09-25,0.5810039062322752,34.01331045637073,23.971335419372544,peninsular_south,Vellore,12.92,79.13,1.2000000000000002,0.6,0.0,33.5,35.4,35.1,19.5,32.8,19.5,none,33,none,1.01,none,0.0,0.0
peninsular_south:vellore,2026-09-26,0.2062877247215586,35.15076292561709,19.21131589952308,peninsular_south,Vellore,12.92,79.13,0.6000000000000001,0.0,0.0,34.7,36.5,35.7,13.4,31.3,14.8,none,33,none,2.15,none,0.0,0.0
peninsular_south:vellore,2026-09-27,1.3715401117930632,35.17879994397707,13.084029297911522,peninsular_south,Vellore,12.92,79.13,0.0,0.0,6.199999999999999,34.6,35.8,36.4,10.4,19.2,10.7,none,33,none,2.18,none,0.0,0.0
peninsular_south:vellore,2026-09-28,1.941505709629569,34.13197917451547,6.985966034116926,peninsular_south,Vellore,12.92,79.13,2.4000000000000004,2.9000000000000004,0.0,33.6,36.7,34.8,4.1,12.3,6.6,none,33,none,1.13,none,0.0,0.0
peninsular_south:vellore,2026-09-29,21.80622419631106,34.215968870200825,8.181150161837275,peninsular_south,Vellore,12.92,79.13,3.0,45.4,11.4,33.8,35.2,34.7,4.7,18.2,12.9,none,33,none,1.22,none,0.0,0.0
peninsular_south:vellore,2026-09-30,0.6845459122353004,34.03608694137454,7.922172437420309,peninsular_south,Vellore,12.92,79.13,1.8,0.30000000000000004,0.0,34.1,34.0,34.5,6.7,12.9,9.0,none,33,none,1.04,none,0.0,0.0
western_ghats_coast:coorg,2026-09-24,2.419134956848417,20.2385429954654,7.781717622805262,western_ghats_coast,Coorg,12.42,75.74,6.6,1.1,0.0,21.1,17.8,20.1,9.3,5.9,8.8,none,26,none,-5.76,none,0.0,0.0
western_ghats_coast:coorg,2026-09-25,6.914539996450834,22.92459642405683,12.972209469310034,western_ghats_coast,Coorg,12.42,75.74,15.799999999999999,4.1000000000000005,0.2,22.7,23.1,23.6,11.9,11.6,15.5,none,26,none,-3.08,none,0.0,0.0
western_ghats_coast:coorg,2026-09-26,0.8232338731285456,25.49214493721501,13.00650813823734,western_ghats_coast,Coorg,12.42,75.74,2.6,0.0,0.0,25.5,24.9,26.1,11.9,13.2,14.5,none,26,none,-0.51,none,0.0,0.0
western_ghats_coast:coorg,2026-09-27,0.933509612381399,27.26296883451112,8.645715915575218,western_ghats_coast,Coorg,12.42,75.74,1.6,1.3,0.0,27.7,25.5,27.5,6.3,11.7,10.9,none,26,none,1.26,none,0.0,0.0
western_ghats_coast:coorg,2026-09-28,9.787817015103043,27.277140415913085,8.008196244316208,western_ghats_coast,Coorg,12.42,75.74,8.8,0.0,20.3,27.0,27.4,28.2,4.3,12.1,11.3,none,26,none,1.28,none,0.0,0.0
western_ghats_coast:coorg,2026-09-29,7.527244353427241,26.19455330007005,6.537013389792716,western_ghats_coast,Coorg,12.42,75.74,12.6,0.30000000000000004,12.7,26.1,28.0,24.7,3.6,11.3,8.3,none,26,none,0.19,none,0.0,0.0
western_ghats_coast:coorg,2026-09-30,7.087809467968648,26.776264850929067,4.50346907204303,western_ghats_coast,Coorg,12.42,75.74,11.6,6.4,3.3000000000000003,27.1,25.9,26.7,2.5,8.2,4.2,none,26,none,0.78,none,0.0,0.0
western_ghats_coast:goa,2026-09-24,3.994478672341536,25.44138928041171,4.083539046996784,western_ghats_coast,Goa,15.3,74.12,7.6,1.0,4.6,25.9,24.8,25.6,6.8,2.3,2.6,none,31,none,-5.56,none,0.0,0.0
western_ghats_coast:goa,2026-09-25,8.91833014267994,28.15213786484692,11.554822005743729,western_ghats_coast,Goa,15.3,74.12,8.4,13.8,3.5,28.1,28.1,28.5,12.0,12.9,9.7,none,31,none,-2.85,none,0.0,0.0
western_ghats_coast:goa,2026-09-26,1.496967845568579,28.576166072198216,10.860703628179175,western_ghats_coast,Goa,15.3,74.12,2.8000000000000003,1.6,0.2,28.3,28.8,30.1,9.1,12.7,11.7,none,31,none,-2.42,none,0.0,0.0
western_ghats_coast:goa,2026-09-27,0.501543961169656,29.81860771014436,11.587063170827786,western_ghats_coast,Goa,15.3,74.12,1.2000000000000002,0.4,0.0,29.5,29.5,31.6,12.1,10.8,12.7,none,31,none,-1.18,none,0.0,0.0
western_ghats_coast:goa,2026-09-28,2.0832016638324435,30.04535279934917,10.972932881681215,western_ghats_coast,Goa,15.3,74.12,3.0,3.3,0.0,29.9,29.6,31.6,10.5,10.3,12.6,none,31,none,-0.95,none,0.0,0.0
western_ghats_coast:goa,2026-09-29,1.2955592078884262,30.204060050497446,10.867578609203033,western_ghats_coast,Goa,15.3,74.12,4.2,0.0,0.0,29.5,31.3,31.6,7.9,14.1,13.0,none,31,none,-0.8,none,0.0,0.0
western_ghats_coast:goa,2026-09-30,5.808317432774837,30.484975825486543,10.981408738023438,western_ghats_coast,Goa,15.3,74.12,2.7,9.3,5.2,30.1,30.2,32.9,8.8,13.6,12.1,none,31,none,-0.52,none,0.0,0.0
western_ghats_coast:kochi,2026-09-24,1.4650693185473993,27.399722328849474,10.19986242884076,western_ghats_coast,Kochi,9.93,76.27,0.9,1.4,2.1,28.2,25.1,27.2,15.5,4.8,10.2,none,31,none,-3.6,none,0.0,0.0
western_ghats_coast:kochi,2026-09-25,1.3716141591410462,29.478928473761066,15.723245637732544,western_ghats_coast,Kochi,9.93,76.27,2.4000000000000004,1.4000000000000001,0.1,29.1,30.5,30.4,17.8,14.8,16.9,none,31,none,-1.52,none,0.0,0.0
western_ghats_coast:kochi,2026-09-26,0.5303238737411512,28.68840659345674,12.490969148327844,western_ghats_coast,Kochi,9.93,76.27,1.6,0.1,0.0,28.7,28.5,30.7,14.8,10.7,13.8,none,31,none,-2.31,none,0.0,0.0
western_ghats_coast:kochi,2026-09-27,0.2649062285843344,29.459799585577077,15.356906061123306,western_ghats_coast,Kochi,9.93,76.27,0.8,0.0,0.0,29.1,31.3,30.3,17.1,15.6,15.2,none,31,none,-1.54,none,0.0,0.0
western_ghats_coast:kochi,2026-09-28,1.4195506774097877,29.85658675080337,12.98001083735279,western_ghats_coast,Kochi,9.93,76.27,3.0,0.0,1.2000000000000002,29.1,31.3,31.5,12.4,15.1,14.1,none,31,none,-1.14,none,0.0,0.0
western_ghats_coast:kochi,2026-09-29,1.1124992694606595,29.62799713905368,12.304467510090031,western_ghats_coast,Kochi,9.93,76.27,3.6,0.0,0.0,29.0,31.3,30.5,11.3,14.9,11.9,none,31,none,-1.37,none,0.0,0.0
western_ghats_coast:kochi,2026-09-30,3.152182202026099,29.66930157299857,10.880602948679254,western_ghats_coast,Kochi,9.93,76.27,7.0,0.0,2.7,28.9,30.9,31.5,10.6,11.7,11.4,none,31,none,-1.33,none,0.0,0.0
western_ghats_coast:kozhikode,2026-09-24,7.892467433701783,25.467008587364308,3.6875377270319296,western_ghats_coast,Kozhikode,11.26,75.78,13.9,3.5,7.5,25.4,25.1,26.1,3.6,5.9,2.4,none,31,none,-5.53,none,0.0,0.0
western_ghats_coast:kozhikode,2026-09-25,6.803396195359135,28.420420218946884,10.60862874881544,western_ghats_coast,Kozhikode,11.26,75.78,16.400000000000002,2.1,1.8,27.3,30.9,30.6,6.9,14.8,11.2,none,31,none,-2.58,none,0.0,0.0
western_ghats_coast:kozhikode,2026-09-26,0.3272995190974494,31.260560537013625,12.131106168195654,western_ghats_coast,Kozhikode,11.26,75.78,1.0,0.0,0.0,30.9,31.5,33.0,11.3,13.3,12.6,none,31,none,0.26,none,0.0,0.0
western_ghats_coast:kozhikode,2026-09-27,0.2649062285843344,32.17371867575333,13.67160057335728,western_ghats_coast,Kozhikode,11.26,75.78,0.8,0.0,0.0,31.8,32.7,33.5,10.9,16.4,16.2,none,31,none,1.17,none,0.0,0.0
western_ghats_coast:kozhikode,2026-09-28,1.4261592938282477,32.14042476238588,11.193730167484205,western_ghats_coast,Kozhikode,11.26,75.78,4.2,0.0,0.0,31.5,32.6,34.2,6.6,15.4,14.1,none,31,none,1.14,none,0.0,0.0
western_ghats_coast:kozhikode,2026-09-29,1.4786191463161933,32.10283510025248,10.304776667529786,western_ghats_coast,Kozhikode,11.26,75.78,4.800000000000001,0.0,0.0,31.2,33.1,34.2,5.6,15.6,12.1,none,31,none,1.1,none,0.0,0.0
western_ghats_coast:kozhikode,2026-09-30,2.9967209744849352,32.00112211851992,10.067099343233965,western_ghats_coast,Kozhikode,11.26,75.78,8.9,0.0,0.30000000000000004,31.4,32.4,34.0,6.2,14.6,12.2,none,31,none,1.0,none,0.0,0.0
western_ghats_coast:mangalore,2026-09-24,4.818081145560702,24.999533227334783,3.330135840077985,western_ghats_coast,Mangalore,12.91,74.86,10.1,0.30000000000000004,5.5,25.1,24.4,26.0,3.2,3.8,5.6,none,31,none,-6.0,none,0.0,0.0
western_ghats_coast:mangalore,2026-09-25,15.941065924676398,27.08983423683964,10.942815341928132,western_ghats_coast,Mangalore,12.91,74.86,25.0,7.0,16.0,26.4,28.4,28.4,7.0,14.9,11.2,none,31,none,-3.91,none,0.0,0.0
western_ghats_coast:mangalore,2026-09-26,1.9344734338674978,29.14382996689617,9.472821085287103,western_ghats_coast,Mangalore,12.91,74.86,3.4,1.1,1.3,28.9,29.3,30.4,7.5,14.6,8.6,none,31,none,-1.86,none,0.0,0.0
western_ghats_coast:mangalore,2026-09-27,0.46358590002258515,30.83863724296881,12.183297150320346,western_ghats_coast,Mangalore,12.91,74.86,1.4000000000000001,0.0,0.0,30.8,30.4,31.9,11.5,14.8,13.0,none,31,none,-0.16,none,0.0,0.0
western_ghats_coast:mangalore,2026-09-28,1.6952141813108241,30.92541097668018,11.390328291851825,western_ghats_coast,Mangalore,12.91,74.86,4.4,0.0,0.6000000000000001,30.8,30.6,32.0,7.3,15.5,13.9,none,31,none,-0.07,none,0.0,0.0
western_ghats_coast:mangalore,2026-09-29,1.7978586825898637,30.857410823629955,10.180007640758754,western_ghats_coast,Mangalore,12.91,74.86,5.8,0.0,0.0,30.4,31.4,32.2,5.8,16.9,11.4,none,31,none,-0.14,none,0.0,0.0
western_ghats_coast:mangalore,2026-09-30,2.6999750600147965,31.18055918499937,11.38860644712392,western_ghats_coast,Mangalore,12.91,74.86,7.2,0.0,1.1,30.9,30.6,32.9,6.8,16.0,13.2,none,31,none,0.18,none,0.0,0.0
western_ghats_coast:mumbai,2026-09-24,3.5050934811446943,27.89233465088156,10.420195486907254,western_ghats_coast,Mumbai,19.08,72.88,2.2,6.8,0.0,28.1,27.6,28.0,7.0,20.4,5.4,none,32,none,-4.11,none,0.0,0.0
western_ghats_coast:mumbai,2026-09-25,0.6478417085499264,30.77593369473585,16.406580452340215,western_ghats_coast,Mumbai,19.08,72.88,1.6,0.30000000000000004,0.0,30.5,31.3,31.3,17.0,20.1,13.1,none,32,none,-1.22,none,0.0,0.0
western_ghats_coast:mumbai,2026-09-26,0.3280391815471666,30.51803974724829,14.077799117711669,western_ghats_coast,Mumbai,19.08,72.88,0.4,0.5,0.0,30.3,30.9,31.4,12.0,18.5,12.7,none,32,none,-1.48,none,0.0,0.0
western_ghats_coast:mumbai,2026-09-27,0.093160881972168,30.43717251426289,11.685167209874106,western_ghats_coast,Mumbai,19.08,72.88,0.0,0.30000000000000004,0.0,30.2,31.0,31.1,11.0,16.3,11.2,none,32,none,-1.56,none,0.0,0.0
western_ghats_coast:mumbai,2026-09-28,0.4766285924606612,30.59576880120063,11.61157290068814,western_ghats_coast,Mumbai,19.08,72.88,1.4000000000000001,0.0,0.0,30.2,31.2,31.9,10.8,15.1,10.8,none,32,none,-1.4,none,0.0,0.0
western_ghats_coast:mumbai,2026-09-29,1.409905299961244,31.414755745711183,13.41426569331196,western_ghats_coast,Mumbai,19.08,72.88,2.2,1.7000000000000002,0.0,30.3,33.4,33.2,9.0,21.9,10.3,none,32,none,-0.59,none,0.0,0.0
western_ghats_coast:mumbai,2026-09-30,0.0,32.83440683367196,11.831484613986731,western_ghats_coast,Mumbai,19.08,72.88,0.0,0.0,0.0,32.0,34.5,34.7,10.2,16.6,10.5,none,32,none,0.83,none,0.0,0.0
western_ghats_coast:pune,2026-09-24,0.0660689449008682,24.333723931293274,11.661611713836692,western_ghats_coast,Pune,18.52,73.86,0.2,0.0,0.0,25.0,23.7,24.6,12.6,13.1,9.2,none,30,none,-5.67,none,0.0,0.0
western_ghats_coast:pune,2026-09-25,0.5291164831076052,28.718176271797628,21.348013489567503,western_ghats_coast,Pune,18.52,73.86,1.6,0.0,0.0,28.2,29.2,30.2,18.5,24.7,20.9,none,30,none,-1.28,none,0.0,0.0
western_ghats_coast:pune,2026-09-26,0.0,28.43252529293628,19.396787828799397,western_ghats_coast,Pune,18.52,73.86,0.0,0.0,0.0,28.1,28.8,29.6,17.4,21.6,20.2,none,30,none,-1.57,none,0.0,0.0
western_ghats_coast:pune,2026-09-27,0.19867967143825077,29.45715282571325,13.896099604125304,western_ghats_coast,Pune,18.52,73.86,0.6000000000000001,0.0,0.0,29.1,30.1,30.5,10.8,19.1,14.9,none,30,none,-0.54,none,0.0,0.0
western_ghats_coast:pune,2026-09-28,3.416484768106243,30.39692651746602,12.815595401467268,western_ghats_coast,Pune,18.52,73.86,2.0,4.3,4.0,29.6,32.8,32.6,6.4,26.5,9.8,none,30,none,0.4,none,0.0,0.0
western_ghats_coast:pune,2026-09-29,2.074020421223033,29.974676262011265,8.310018030831777,western_ghats_coast,Pune,18.52,73.86,2.8,2.1999999999999997,0.8,29.4,32.4,31.2,8.7,17.9,8.4,none,30,none,-0.03,none,0.0,0.0
western_ghats_coast:pune,2026-09-30,0.0,31.922710100555697,10.22581685834693,western_ghats_coast,Pune,18.52,73.86,0.0,0.0,0.0,31.3,33.1,33.3,10.8,10.3,9.2,none,30,none,1.92,none,0.0,0.0
western_ghats_coast:ratnagiri,2026-09-24,2.149327147203242,26.850196558424845,5.872990953558221,western_ghats_coast,Ratnagiri,16.99,73.31,2.0,3.1999999999999997,1.2,27.7,25.4,26.1,7.9,5.5,5.6,none,31,none,-4.15,none,0.0,0.0
western_ghats_coast:ratnagiri,2026-09-25,2.2710636871408587,30.41101611962021,17.469017806644892,western_ghats_coast,Ratnagiri,16.99,73.31,4.0,1.9,0.8,30.6,29.6,30.5,14.3,17.4,20.8,none,31,none,-0.59,none,0.0,0.0
western_ghats_coast:ratnagiri,2026-09-26,1.2819076963906106,30.374667707433147,13.478440784066592,western_ghats_coast,Ratnagiri,16.99,73.31,2.2,1.4,0.4,30.4,29.8,31.0,11.2,13.0,16.6,none,31,none,-0.63,none,0.0,0.0
western_ghats_coast:ratnagiri,2026-09-27,0.295176445796419,30.980787390096104,11.63098394451058,western_ghats_coast,Ratnagiri,16.99,73.31,0.6000000000000001,0.30000000000000004,0.0,31.3,30.0,30.9,10.5,13.9,13.8,none,31,none,-0.02,none,0.0,0.0
western_ghats_coast:ratnagiri,2026-09-28,2.1467849160129813,31.54642076311456,12.023878058012222,western_ghats_coast,Ratnagiri,16.99,73.31,3.2,1.4,1.8,31.7,31.1,31.4,7.7,14.5,15.5,none,31,none,0.55,none,0.0,0.0
western_ghats_coast:ratnagiri,2026-09-29,4.714607682437909,30.86782322608852,9.661467352481088,western_ghats_coast,Ratnagiri,16.99,73.31,4.6,7.5,0.3,31.5,29.2,31.6,6.0,11.3,14.7,none,31,none,-0.13,none,0.0,0.0
western_ghats_coast:ratnagiri,2026-09-30,2.3921795399041894,32.56002917090878,10.594605800282125,western_ghats_coast,Ratnagiri,16.99,73.31,1.2000000000000002,5.5,0.0,32.7,31.8,32.7,8.0,11.4,15.8,none,31,none,1.56,none,0.0,0.0
western_ghats_coast:thiruvananthapuram,2026-09-24,1.6984503905158772,27.0793463789372,12.271323203668723,western_ghats_coast,Thiruvananthapuram,8.52,76.94,3.2,1.4000000000000001,0.7,27.4,26.0,27.4,16.3,10.2,15.1,none,31,none,-3.92,none,0.0,0.0
western_ghats_coast:thiruvananthapuram,2026-09-25,2.656936818249045,29.9099450500771,19.59274585283172,western_ghats_coast,Thiruvananthapuram,8.52,76.94,3.8000000000000003,3.1,0.8,29.6,30.8,30.2,20.0,19.0,20.2,none,31,none,-1.09,none,0.0,0.0
western_ghats_coast:thiruvananthapuram,2026-09-26,0.3272995190974494,29.52840857390955,17.548564773470606,western_ghats_coast,Thiruvananthapuram,8.52,76.94,1.0,0.0,0.0,29.6,29.5,30.0,18.5,16.3,19.0,none,31,none,-1.47,none,0.0,0.0
western_ghats_coast:thiruvananthapuram,2026-09-27,0.0662265571460836,30.606131895661115,17.596010492638037,western_ghats_coast,Thiruvananthapuram,8.52,76.94,0.2,0.0,0.0,30.4,31.3,30.9,17.2,18.0,18.4,none,31,none,-0.39,none,0.0,0.0
western_ghats_coast:thiruvananthapuram,2026-09-28,0.8803394663748914,31.214933546759266,14.88144303972932,western_ghats_coast,Thiruvananthapuram,8.52,76.94,2.4,0.0,0.2,30.6,32.9,31.9,13.0,18.4,14.9,none,31,none,0.21,none,0.0,0.0
western_ghats_coast:thiruvananthapuram,2026-09-29,1.1282887139015487,30.69634893598664,13.671901570511242,western_ghats_coast,Thiruvananthapuram,8.52,76.94,2.2,0.30000000000000004,1.0,30.5,32.2,30.2,11.9,16.9,13.0,none,31,none,-0.3,none,0.0,0.0
western_ghats_coast:thiruvananthapuram,2026-09-30,2.085451014400643,30.671725904025035,12.953958170752417,western_ghats_coast,Thiruvananthapuram,8.52,76.94,4.6,0.0,1.8,30.6,31.6,31.2,11.7,16.2,11.6,none,31,none,-0.33,none,0.0,0.0
