model,zone,lead_hours,variable,bias,mae,rmse,n,is_best_rmse
ecmwf_aifs025_single,arid_west,0,precipitation,0.1985714285714286,0.248,0.39907034825597215,70,True
ecmwf_aifs025_single,arid_west,0,temperature_2m,0.2545714285714281,0.5219999999999992,0.6501230652730289,70,False
ecmwf_aifs025_single,arid_west,0,wind_speed_10m,0.04685714285714289,0.5762857142857144,0.6913279147512313,70,False
ecmwf_aifs025_single,arid_west,6,precipitation,0.16557142857142856,0.2232857142857143,0.3927503751021216,70,False
ecmwf_aifs025_single,arid_west,6,temperature_2m,0.16185714285714298,0.6527142857142859,0.8064392634999157,70,False
ecmwf_aifs025_single,arid_west,6,wind_speed_10m,0.16899999999999998,0.577,0.7023501365314272,70,True
ecmwf_aifs025_single,arid_west,12,precipitation,0.304,0.3245714285714286,0.5215498880397595,70,True
ecmwf_aifs025_single,arid_west,12,temperature_2m,0.1522857142857142,0.6505714285714282,0.8359272012049167,70,False
ecmwf_aifs025_single,arid_west,12,wind_speed_10m,0.08628571428571433,0.5545714285714285,0.6803297519795614,70,True
ecmwf_aifs025_single,arid_west,24,precipitation,0.3072857142857143,0.35671428571428565,0.61134628952361,70,False
ecmwf_aifs025_single,arid_west,24,temperature_2m,0.027999999999999556,0.593714285714286,0.732635165491178,70,False
ecmwf_aifs025_single,arid_west,24,wind_speed_10m,0.00785714285714288,0.7167142857142856,0.891131704231038,70,False
ecmwf_aifs025_single,arid_west,48,precipitation,0.28671428571428575,0.29128571428571437,0.5070657889127548,70,True
ecmwf_aifs025_single,arid_west,48,temperature_2m,0.28028571428571447,0.7394285714285712,0.9015589672498253,70,False
ecmwf_aifs025_single,arid_west,48,wind_speed_10m,0.16957142857142862,0.7175714285714285,0.8898820146513807,70,False
ecmwf_aifs025_single,arid_west,72,precipitation,0.3634285714285714,0.4491428571428572,0.7746483072982217,70,False
ecmwf_aifs025_single,arid_west,72,temperature_2m,0.09171428571428533,0.8088571428571435,0.9650906693155835,70,False
ecmwf_aifs025_single,arid_west,72,wind_speed_10m,0.006285714285714361,0.618857142857143,0.8017373991169785,70,True
ecmwf_aifs025_single,arid_west,96,precipitation,0.348,0.38942857142857146,0.6764297028199922,70,False
ecmwf_aifs025_single,arid_west,96,temperature_2m,0.14471428571428518,0.8632857142857144,1.0610594436020742,70,False
ecmwf_aifs025_single,arid_west,96,wind_speed_10m,0.17428571428571424,0.7622857142857142,0.9545066040331293,70,True
ecmwf_aifs025_single,arid_west,120,precipitation,0.348,0.4514285714285714,0.7067288831551419,70,True
ecmwf_aifs025_single,arid_west,120,temperature_2m,0.20742857142857146,0.8748571428571431,1.112523515000277,70,False
ecmwf_aifs025_single,arid_west,120,wind_speed_10m,0.07528571428571423,0.7678571428571428,0.969491029944505,70,True
ecmwf_aifs025_single,arid_west,144,precipitation,0.36300000000000004,0.4018571428571429,0.6723615099037125,70,True
ecmwf_aifs025_single,arid_west,144,temperature_2m,-0.01757142857142868,0.9107142857142855,1.1351809169844755,70,False
ecmwf_aifs025_single,arid_west,144,wind_speed_10m,0.1428571428571428,0.7268571428571428,0.9409326680024906,70,True
ecmwf_aifs025_single,deccan_plateau,0,precipitation,0.3964285714285714,0.5289285714285714,0.8314402306497185,112,False
ecmwf_aifs025_single,deccan_plateau,0,temperature_2m,0.22366071428571413,0.4784821428571428,0.6088242474521807,112,True
ecmwf_aifs025_single,deccan_plateau,0,wind_speed_10m,0.09687500000000011,0.5015178571428571,0.6408622818404234,112,True
ecmwf_aifs025_single,deccan_plateau,6,precipitation,0.38437499999999997,0.584375,0.9004259904543594,112,False
ecmwf_aifs025_single,deccan_plateau,6,temperature_2m,0.21874999999999986,0.5651785714285716,0.7140290610332329,112,True
ecmwf_aifs025_single,deccan_plateau,6,wind_speed_10m,0.032321428571428515,0.5603571428571428,0.6980892288444016,112,True
ecmwf_aifs025_single,deccan_plateau,12,precipitation,0.3161607142857143,0.5095535714285714,0.829138429765673,112,False
ecmwf_aifs025_single,deccan_plateau,12,temperature_2m,0.20107142857142854,0.6035714285714285,0.7616839895914842,112,False
ecmwf_aifs025_single,deccan_plateau,12,wind_speed_10m,0.18133928571428568,0.5752678571428571,0.7156372035765448,112,True
ecmwf_aifs025_single,deccan_plateau,24,precipitation,0.34383928571428574,0.6800892857142857,1.0750668583860261,112,False
ecmwf_aifs025_single,deccan_plateau,24,temperature_2m,0.1667857142857141,0.5499999999999998,0.6876707580147428,112,True
ecmwf_aifs025_single,deccan_plateau,24,wind_speed_10m,0.2157142857142857,0.7264285714285715,0.8811802150687289,112,True
ecmwf_aifs025_single,deccan_plateau,48,precipitation,0.34205357142857146,0.48901785714285717,0.7849687209418876,112,True
ecmwf_aifs025_single,deccan_plateau,48,temperature_2m,0.12303571428571433,0.6026785714285714,0.7341820035152824,112,True
ecmwf_aifs025_single,deccan_plateau,48,wind_speed_10m,0.3323214285714285,0.7467857142857143,0.8903650936554062,112,True
ecmwf_aifs025_single,deccan_plateau,72,precipitation,0.4101785714285714,0.70875,1.1296783676275801,112,False
ecmwf_aifs025_single,deccan_plateau,72,temperature_2m,0.08598214285714269,0.6258035714285715,0.7794898743958862,112,True
ecmwf_aifs025_single,deccan_plateau,72,wind_speed_10m,0.1102678571428571,0.6440178571428572,0.8189763863681122,112,True
ecmwf_aifs025_single,deccan_plateau,96,precipitation,0.450625,0.7018749999999999,1.120445941196119,112,False
ecmwf_aifs025_single,deccan_plateau,96,temperature_2m,0.1491964285714285,0.6818750000000003,0.8637940602779282,112,True
ecmwf_aifs025_single,deccan_plateau,96,wind_speed_10m,0.07223214285714283,0.710625,0.864089632420817,112,True
ecmwf_aifs025_single,deccan_plateau,120,precipitation,0.5167857142857144,0.7671428571428571,1.2315024215508934,112,False
ecmwf_aifs025_single,deccan_plateau,120,temperature_2m,0.09848214285714271,0.728660714285714,0.9077469164286454,112,True
ecmwf_aifs025_single,deccan_plateau,120,wind_speed_10m,-0.04401785714285718,0.8027678571428573,0.98711837110421,112,True
ecmwf_aifs025_single,deccan_plateau,144,precipitation,0.5873214285714285,0.8596428571428572,1.4031679718205006,112,False
ecmwf_aifs025_single,deccan_plateau,144,temperature_2m,0.03044642857142851,0.7747321428571429,0.9703704189638099,112,True
ecmwf_aifs025_single,deccan_plateau,144,wind_speed_10m,-0.02312499999999994,0.844375,1.0621335502522404,112,True
ecmwf_aifs025_single,east_coast,0,precipitation,0.5958163265306122,0.9131632653061224,1.3665549564432424,98,False
ecmwf_aifs025_single,east_coast,0,temperature_2m,0.12255102040816343,0.33438775510204094,0.406027293744283,98,True
ecmwf_aifs025_single,east_coast,0,wind_speed_10m,0.07102040816326541,0.5304081632653063,0.6724414852018041,98,True
ecmwf_aifs025_single,east_coast,6,precipitation,0.4106122448979591,0.7975510204081633,1.325408677829335,98,False
ecmwf_aifs025_single,east_coast,6,temperature_2m,0.10040816326530627,0.29061224489795906,0.3681171064778606,98,True
ecmwf_aifs025_single,east_coast,6,wind_speed_10m,0.13908163265306128,0.48193877551020414,0.6197341431317669,98,True
ecmwf_aifs025_single,east_coast,12,precipitation,0.3337755102040816,0.9101020408163265,1.3594420374040317,98,True
ecmwf_aifs025_single,east_coast,12,temperature_2m,0.11500000000000003,0.2970408163265307,0.36141868987056436,98,True
ecmwf_aifs025_single,east_coast,12,wind_speed_10m,0.17612244897959184,0.5822448979591837,0.7146384843158854,98,True
ecmwf_aifs025_single,east_coast,24,precipitation,0.5927551020408162,1.2735714285714286,1.8128287175526743,98,False
ecmwf_aifs025_single,east_coast,24,temperature_2m,0.23244897959183683,0.40612244897959204,0.5191024435877524,98,True
ecmwf_aifs025_single,east_coast,24,wind_speed_10m,0.18153061224489794,0.605,0.7412117767272616,98,True
ecmwf_aifs025_single,east_coast,48,precipitation,0.8070408163265305,1.2523469387755102,1.8581829505059562,98,False
ecmwf_aifs025_single,east_coast,48,temperature_2m,0.11704081632653071,0.3764285714285717,0.4687728225736574,98,True
ecmwf_aifs025_single,east_coast,48,wind_speed_10m,0.12500000000000003,0.7478571428571429,0.9240566066236948,98,True
ecmwf_aifs025_single,east_coast,72,precipitation,0.8047959183673469,1.4933673469387754,2.2472007530458415,98,False
ecmwf_aifs025_single,east_coast,72,temperature_2m,0.19061224489795914,0.4455102040816329,0.5354208720288011,98,True
ecmwf_aifs025_single,east_coast,72,wind_speed_10m,0.011632653061224543,0.6095918367346939,0.7803374466294982,98,True
ecmwf_aifs025_single,east_coast,96,precipitation,0.8013265306122448,1.2841836734693877,2.0161807195481143,98,True
ecmwf_aifs025_single,east_coast,96,temperature_2m,0.16122448979591852,0.4397959183673469,0.5416829406241858,98,True
ecmwf_aifs025_single,east_coast,96,wind_speed_10m,0.2580612244897959,0.8578571428571428,1.0894639198491436,98,True
ecmwf_aifs025_single,east_coast,120,precipitation,0.4689795918367347,1.1808163265306122,1.864192663249774,98,True
ecmwf_aifs025_single,east_coast,120,temperature_2m,0.22367346938775498,0.45244897959183655,0.5716999355663163,98,True
ecmwf_aifs025_single,east_coast,120,wind_speed_10m,-0.1531632653061224,0.8043877551020407,1.0384451681947098,98,True
ecmwf_aifs025_single,east_coast,144,precipitation,0.8389795918367347,1.2214285714285715,1.8646737417750339,98,True
ecmwf_aifs025_single,east_coast,144,temperature_2m,0.21428571428571438,0.5389795918367347,0.6593642578194515,98,True
ecmwf_aifs025_single,east_coast,144,wind_speed_10m,0.10234693877551021,0.7666326530612244,0.9914743711117442,98,True
ecmwf_aifs025_single,himalayan,0,precipitation,0.359375,0.5195535714285714,0.8758633495830597,112,False
ecmwf_aifs025_single,himalayan,0,temperature_2m,0.21803571428571414,0.593392857142857,0.7585948005546647,112,False
ecmwf_aifs025_single,himalayan,0,wind_speed_10m,0.17544642857142856,0.5549107142857143,0.6749689146281372,112,True
ecmwf_aifs025_single,himalayan,6,precipitation,0.572857142857143,0.7176785714285715,1.119083649369302,112,False
ecmwf_aifs025_single,himalayan,6,temperature_2m,0.17151785714285708,0.5956249999999998,0.7664452967153903,112,False
ecmwf_aifs025_single,himalayan,6,wind_speed_10m,0.0979464285714285,0.5640178571428571,0.7066387994280692,112,True
ecmwf_aifs025_single,himalayan,12,precipitation,0.6267857142857143,0.84,1.3287359729134627,112,False
ecmwf_aifs025_single,himalayan,12,temperature_2m,0.21491071428571434,0.5400892857142855,0.6906512196057116,112,False
ecmwf_aifs025_single,himalayan,12,wind_speed_10m,0.03785714285714288,0.6094642857142857,0.7428660713749147,112,True
ecmwf_aifs025_single,himalayan,24,precipitation,0.45375,0.63,1.0536823186195299,112,False
ecmwf_aifs025_single,himalayan,24,temperature_2m,0.23571428571428585,0.6771428571428576,0.8454088191097676,112,False
ecmwf_aifs025_single,himalayan,24,wind_speed_10m,0.14660714285714285,0.6414285714285715,0.7826682840495985,112,True
ecmwf_aifs025_single,himalayan,48,precipitation,0.6244642857142857,0.7635714285714286,1.3414411227162697,112,False
ecmwf_aifs025_single,himalayan,48,temperature_2m,0.14776785714285717,0.7065178571428572,0.8807824240818096,112,False
ecmwf_aifs025_single,himalayan,48,wind_speed_10m,0.20660714285714285,0.7548214285714285,0.9643002644404904,112,False
ecmwf_aifs025_single,himalayan,72,precipitation,0.735625,0.9552678571428571,1.4999247004909473,112,True
ecmwf_aifs025_single,himalayan,72,temperature_2m,0.1000892857142857,0.6865178571428573,0.952151229734917,112,False
ecmwf_aifs025_single,himalayan,72,wind_speed_10m,0.10008928571428569,0.7868750000000001,0.9976763181083762,112,True
ecmwf_aifs025_single,himalayan,96,precipitation,0.5115178571428572,0.8225892857142857,1.3165936161169853,112,True
ecmwf_aifs025_single,himalayan,96,temperature_2m,0.27598214285714284,0.8145535714285714,1.0074397358793088,112,False
ecmwf_aifs025_single,himalayan,96,wind_speed_10m,0.05455357142857147,0.7815178571428572,0.9863619119920292,112,True
ecmwf_aifs025_single,himalayan,120,precipitation,0.5982142857142857,1.0089285714285714,1.7784840053098194,112,True
ecmwf_aifs025_single,himalayan,120,temperature_2m,0.055000000000000146,0.9071428571428573,1.0876399745714178,112,False
ecmwf_aifs025_single,himalayan,120,wind_speed_10m,0.07553571428571428,0.75625,0.9393120582943365,112,True
ecmwf_aifs025_single,himalayan,144,precipitation,0.900625,1.1958035714285715,1.924450988501099,112,False
ecmwf_aifs025_single,himalayan,144,temperature_2m,0.31276785714285715,0.7897321428571428,1.0115727676671185,112,False
ecmwf_aifs025_single,himalayan,144,wind_speed_10m,0.12991071428571427,0.8015178571428571,1.0025641233500087,112,True
ecmwf_aifs025_single,indo_gangetic,0,precipitation,0.31442857142857145,0.5242857142857142,0.8769916109714423,140,False
ecmwf_aifs025_single,indo_gangetic,0,temperature_2m,0.09921428571428574,0.6250714285714288,0.7787439520517274,140,False
ecmwf_aifs025_single,indo_gangetic,0,wind_speed_10m,-0.01471428571428579,0.5294285714285714,0.649376624155813,140,True
ecmwf_aifs025_single,indo_gangetic,6,precipitation,0.4168571428571429,0.6272857142857143,0.9582819447919729,140,False
ecmwf_aifs025_single,indo_gangetic,6,temperature_2m,0.10857142857142854,0.6012857142857143,0.742396697960637,140,False
ecmwf_aifs025_single,indo_gangetic,6,wind_speed_10m,0.06457142857142854,0.5498571428571429,0.6936384401936544,140,True
ecmwf_aifs025_single,indo_gangetic,12,precipitation,0.44485714285714284,0.6251428571428571,1.0063193188191168,140,False
ecmwf_aifs025_single,indo_gangetic,12,temperature_2m,0.1375714285714288,0.5754285714285714,0.7060352075397617,140,False
ecmwf_aifs025_single,indo_gangetic,12,wind_speed_10m,0.1643571428571428,0.5295000000000001,0.6867298283479881,140,True
ecmwf_aifs025_single,indo_gangetic,24,precipitation,0.3952857142857143,0.5934285714285715,0.9439779053104398,140,True
ecmwf_aifs025_single,indo_gangetic,24,temperature_2m,0.1786428571428572,0.6632142857142854,0.8501172188082567,140,False
ecmwf_aifs025_single,indo_gangetic,24,wind_speed_10m,0.16557142857142848,0.6298571428571429,0.7905450199523292,140,True
ecmwf_aifs025_single,indo_gangetic,48,precipitation,0.44650000000000006,0.5865,1.002843457375078,140,False
ecmwf_aifs025_single,indo_gangetic,48,temperature_2m,0.16542857142857154,0.7922857142857144,0.9589324421310547,140,False
ecmwf_aifs025_single,indo_gangetic,48,wind_speed_10m,0.032285714285714216,0.7192857142857143,0.8940429839458823,140,True
ecmwf_aifs025_single,indo_gangetic,72,precipitation,0.7795714285714286,0.868,1.3336807285532342,140,False
ecmwf_aifs025_single,indo_gangetic,72,temperature_2m,0.21192857142857138,0.7844999999999999,0.9733663970248525,140,False
ecmwf_aifs025_single,indo_gangetic,72,wind_speed_10m,0.18478571428571416,0.7017857142857143,0.9104735816360313,140,True
ecmwf_aifs025_single,indo_gangetic,96,precipitation,0.7322142857142857,0.935357142857143,1.3983692032404846,140,False
ecmwf_aifs025_single,indo_gangetic,96,temperature_2m,0.05557142857142863,0.8038571428571428,1.0113025547000545,140,False
ecmwf_aifs025_single,indo_gangetic,96,wind_speed_10m,0.024285714285714254,0.6828571428571429,0.8459331280561467,140,True
ecmwf_aifs025_single,indo_gangetic,120,precipitation,0.5145714285714286,1.0034285714285713,1.572747368687764,140,False
ecmwf_aifs025_single,indo_gangetic,120,temperature_2m,0.2629285714285715,0.9207857142857147,1.1619850626037695,140,False
ecmwf_aifs025_single,indo_gangetic,120,wind_speed_10m,0.026428571428571378,0.7457142857142857,0.8998595128447232,140,True
ecmwf_aifs025_single,indo_gangetic,144,precipitation,0.5114285714285713,0.7801428571428571,1.3013624728392492,140,True
ecmwf_aifs025_single,indo_gangetic,144,temperature_2m,0.2476428571428571,0.8324999999999999,1.109046888098064,140,False
ecmwf_aifs025_single,indo_gangetic,144,wind_speed_10m,0.13349999999999995,0.7310714285714285,0.9132731558207857,140,True
ecmwf_aifs025_single,peninsular_south,0,precipitation,0.528452380952381,0.6217857142857144,0.9818004597967669,84,False
ecmwf_aifs025_single,peninsular_south,0,temperature_2m,0.08035714285714282,0.3120238095238096,0.39034935512642926,84,True
ecmwf_aifs025_single,peninsular_south,0,wind_speed_10m,-0.07785714285714278,0.4907142857142857,0.6019136150644875,84,True
ecmwf_aifs025_single,peninsular_south,6,precipitation,0.36738095238095236,0.5897619047619047,0.9492152146955525,84,False
ecmwf_aifs025_single,peninsular_south,6,temperature_2m,0.09249999999999965,0.3484523809523806,0.43419465680728936,84,True
ecmwf_aifs025_single,peninsular_south,6,wind_speed_10m,0.11452380952380954,0.5388095238095238,0.6740213363868847,84,True
ecmwf_aifs025_single,peninsular_south,12,precipitation,0.44119047619047624,0.75,1.1712935462251004,84,False
ecmwf_aifs025_single,peninsular_south,12,temperature_2m,0.14428571428571413,0.38095238095238093,0.46467346445803065,84,True
ecmwf_aifs025_single,peninsular_south,12,wind_speed_10m,0.04214285714285716,0.5664285714285713,0.7073575912540713,84,True
ecmwf_aifs025_single,peninsular_south,24,precipitation,0.3936904761904762,0.6213095238095238,1.0902156842089725,84,False
ecmwf_aifs025_single,peninsular_south,24,temperature_2m,0.22297619047619044,0.43702380952380937,0.5169404036756858,84,True
ecmwf_aifs025_single,peninsular_south,24,wind_speed_10m,0.06797619047619055,0.5605952380952383,0.7479201319723411,84,True
ecmwf_aifs025_single,peninsular_south,48,precipitation,0.5923809523809525,0.8304761904761906,1.3067690071681521,84,False
ecmwf_aifs025_single,peninsular_south,48,temperature_2m,0.1498809523809522,0.43297619047619,0.5482862912228034,84,True
ecmwf_aifs025_single,peninsular_south,48,wind_speed_10m,0.0839285714285715,0.6894047619047619,0.8970819095160443,84,True
ecmwf_aifs025_single,peninsular_south,72,precipitation,0.5378571428571428,0.7857142857142857,1.2610067784267043,84,False
ecmwf_aifs025_single,peninsular_south,72,temperature_2m,0.23440476190476145,0.4379761904761902,0.5771058745812505,84,True
ecmwf_aifs025_single,peninsular_south,72,wind_speed_10m,0.18988095238095243,0.6408333333333334,0.7744575674686922,84,True
ecmwf_aifs025_single,peninsular_south,96,precipitation,0.4425,0.6810714285714285,1.0947379551637875,84,True
ecmwf_aifs025_single,peninsular_south,96,temperature_2m,0.07000000000000008,0.44928571428571423,0.5412331598611945,84,True
ecmwf_aifs025_single,peninsular_south,96,wind_speed_10m,0.1952380952380953,0.76,0.9203454320447917,84,True
ecmwf_aifs025_single,peninsular_south,120,precipitation,0.6989285714285715,0.9482142857142858,1.4962090985776912,84,False
ecmwf_aifs025_single,peninsular_south,120,temperature_2m,0.15273809523809515,0.5039285714285713,0.6296153398627419,84,True
ecmwf_aifs025_single,peninsular_south,120,wind_speed_10m,0.08273809523809528,0.7420238095238096,0.9033159812074409,84,True
ecmwf_aifs025_single,peninsular_south,144,precipitation,0.5783333333333334,1.0785714285714285,1.7248139996339702,84,False
ecmwf_aifs025_single,peninsular_south,144,temperature_2m,0.15202380952380917,0.5520238095238096,0.6744389202461979,84,True
ecmwf_aifs025_single,peninsular_south,144,wind_speed_10m,-0.03571428571428553,0.7607142857142856,0.9693591402865827,84,True
ecmwf_aifs025_single,western_ghats_coast,0,precipitation,0.4933333333333333,0.9822222222222222,1.50046500728782,126,False
ecmwf_aifs025_single,western_ghats_coast,0,temperature_2m,0.1300793650793652,0.29817460317460337,0.37161701568847255,126,True
ecmwf_aifs025_single,western_ghats_coast,0,wind_speed_10m,0.18769841269841284,0.5132539682539682,0.6398455914924952,126,True
ecmwf_aifs025_single,western_ghats_coast,6,precipitation,0.4566666666666667,0.986031746031746,1.4429362700289572,126,False
ecmwf_aifs025_single,western_ghats_coast,6,temperature_2m,0.11309523809523807,0.34261904761904766,0.43666575790527024,126,True
ecmwf_aifs025_single,western_ghats_coast,6,wind_speed_10m,0.10238095238095256,0.5711111111111112,0.7059194162383001,126,False
ecmwf_aifs025_single,western_ghats_coast,12,precipitation,0.6363492063492063,1.1071428571428572,1.6857601554157404,126,False
ecmwf_aifs025_single,western_ghats_coast,12,temperature_2m,0.16301587301587298,0.31317460317460344,0.39843344029989064,126,True
ecmwf_aifs025_single,western_ghats_coast,12,wind_speed_10m,0.12285714285714294,0.6822222222222223,0.8352292718217773,126,False
ecmwf_aifs025_single,western_ghats_coast,24,precipitation,0.493015873015873,0.9250793650793651,1.42521176371393,126,True
ecmwf_aifs025_single,western_ghats_coast,24,temperature_2m,0.13063492063492074,0.3373015873015873,0.414252051177495,126,True
ecmwf_aifs025_single,western_ghats_coast,24,wind_speed_10m,0.14444444444444446,0.5504761904761905,0.6798400839039573,126,True
ecmwf_aifs025_single,western_ghats_coast,48,precipitation,0.7263492063492063,1.2326984126984126,1.9375848163718976,126,False
ecmwf_aifs025_single,western_ghats_coast,48,temperature_2m,0.12103174603174625,0.36468253968253983,0.44849395246405005,126,True
ecmwf_aifs025_single,western_ghats_coast,48,wind_speed_10m,0.10039682539682544,0.6732539682539683,0.8650676641119258,126,True
ecmwf_aifs025_single,western_ghats_coast,72,precipitation,0.38214285714285706,1.2953174603174604,2.074275356351768,126,False
ecmwf_aifs025_single,western_ghats_coast,72,temperature_2m,0.07079365079365095,0.35809523809523813,0.459799818416529,126,True
ecmwf_aifs025_single,western_ghats_coast,72,wind_speed_10m,0.035555555555555715,0.626031746031746,0.8081558469848951,126,True
ecmwf_aifs025_single,western_ghats_coast,96,precipitation,0.8088095238095238,1.4476984126984127,2.104133686681664,126,True
ecmwf_aifs025_single,western_ghats_coast,96,temperature_2m,0.12857142857142861,0.438888888888889,0.5650495132118534,126,True
ecmwf_aifs025_single,western_ghats_coast,96,wind_speed_10m,0.26103174603174617,0.775,0.960770606716379,126,True
ecmwf_aifs025_single,western_ghats_coast,120,precipitation,0.8358730158730158,1.7395238095238095,2.48984604611075,126,False
ecmwf_aifs025_single,western_ghats_coast,120,temperature_2m,0.11198412698412717,0.5088095238095239,0.6251126882537844,126,True
ecmwf_aifs025_single,western_ghats_coast,120,wind_speed_10m,0.1746031746031747,0.7641269841269842,0.928076180507504,126,True
ecmwf_aifs025_single,western_ghats_coast,144,precipitation,1.06,1.7557142857142858,2.396939185777866,126,False
ecmwf_aifs025_single,western_ghats_coast,144,temperature_2m,0.15000000000000024,0.5006349206349205,0.6333847096956086,126,True
ecmwf_aifs025_single,western_ghats_coast,144,wind_speed_10m,0.25920634920634916,0.7661904761904762,0.9515476116006267,126,True
gfs_global,arid_west,0,precipitation,0.2412857142857143,0.2412857142857143,0.45432681754751963,70,False
gfs_global,arid_west,0,temperature_2m,0.5265714285714285,0.5394285714285716,0.6253227737965183,70,True
gfs_global,arid_west,0,wind_speed_10m,0.44557142857142856,0.5284285714285715,0.6769648650937717,70,False
gfs_global,arid_west,6,precipitation,0.1594285714285714,0.1594285714285714,0.28877079393278565,70,True
gfs_global,arid_west,6,temperature_2m,0.4511428571428572,0.46971428571428586,0.5646693090397499,70,True
gfs_global,arid_west,6,wind_speed_10m,0.3767142857142855,0.5864285714285714,0.7668888911886592,70,False
gfs_global,arid_west,12,precipitation,0.313,0.3152857142857143,0.5361356438173353,70,False
gfs_global,arid_west,12,temperature_2m,0.5162857142857143,0.5751428571428574,0.6756647520352511,70,True
gfs_global,arid_west,12,wind_speed_10m,0.4105714285714285,0.6462857142857145,0.7960419945849951,70,False
gfs_global,arid_west,24,precipitation,0.33114285714285707,0.33114285714285707,0.524712165994707,70,True
gfs_global,arid_west,24,temperature_2m,0.4691428571428568,0.5048571428571419,0.6053405181029452,70,True
gfs_global,arid_west,24,wind_speed_10m,0.3897142857142857,0.6637142857142857,0.8430607502258829,70,True
gfs_global,arid_west,48,precipitation,0.38285714285714284,0.41314285714285715,0.6382408860073354,70,False
gfs_global,arid_west,48,temperature_2m,0.510142857142857,0.5669999999999997,0.68373240379552,70,True
gfs_global,arid_west,48,wind_speed_10m,0.5284285714285715,0.9347142857142856,1.1476142955839175,70,False
gfs_global,arid_west,72,precipitation,0.4028571428571428,0.4028571428571428,0.7077227059883189,70,False
gfs_global,arid_west,72,temperature_2m,0.4757142857142857,0.6068571428571428,0.7301878427598515,70,True
gfs_global,arid_west,72,wind_speed_10m,0.3347142857142857,0.8527142857142856,1.0926566576141707,70,False
gfs_global,arid_west,96,precipitation,0.2057142857142857,0.2317142857142857,0.41579871503958665,70,True
gfs_global,arid_west,96,temperature_2m,0.5850000000000001,0.7375714285714285,0.8991972610532765,70,True
gfs_global,arid_west,96,wind_speed_10m,0.38700000000000007,0.9121428571428571,1.146811106628164,70,False
gfs_global,arid_west,120,precipitation,0.34314285714285714,0.3762857142857143,0.7481405521118915,70,False
gfs_global,arid_west,120,temperature_2m,0.5588571428571425,0.6548571428571427,0.7935633920127976,70,True
gfs_global,arid_west,120,wind_speed_10m,0.5487142857142858,0.9007142857142857,1.1329096547008,70,False
gfs_global,arid_west,144,precipitation,0.4332857142857143,0.4541428571428571,0.7755412856284865,70,False
gfs_global,arid_west,144,temperature_2m,0.35585714285714326,0.582428571428572,0.718459661856034,70,True
gfs_global,arid_west,144,wind_speed_10m,0.6385714285714285,0.9868571428571427,1.249442161240653,70,False
gfs_global,deccan_plateau,0,precipitation,0.37598214285714293,0.40491071428571435,0.689273038373453,112,True
gfs_global,deccan_plateau,0,temperature_2m,0.48839285714285696,0.5957142857142854,0.708138908891267,112,False
gfs_global,deccan_plateau,0,wind_speed_10m,0.471875,0.6502678571428573,0.7975559765397572,112,False
gfs_global,deccan_plateau,6,precipitation,0.3888392857142858,0.43437500000000007,0.7126591300995769,112,True
gfs_global,deccan_plateau,6,temperature_2m,0.5203571428571426,0.5958928571428569,0.7290061728133719,112,False
gfs_global,deccan_plateau,6,wind_speed_10m,0.46,0.6860714285714286,0.8262123127346177,112,False
gfs_global,deccan_plateau,12,precipitation,0.39973214285714287,0.4568750000000001,0.7301375848818789,112,True
gfs_global,deccan_plateau,12,temperature_2m,0.5278571428571428,0.6333928571428569,0.7628716892674114,112,False
gfs_global,deccan_plateau,12,wind_speed_10m,0.5050892857142857,0.707232142857143,0.8639459928557043,112,False
gfs_global,deccan_plateau,24,precipitation,0.45678571428571424,0.5417857142857143,0.8523884510178275,112,True
gfs_global,deccan_plateau,24,temperature_2m,0.5385714285714286,0.6683928571428572,0.8384413685949832,112,False
gfs_global,deccan_plateau,24,wind_speed_10m,0.43687500000000007,0.7574107142857143,0.9227651574015382,112,False
gfs_global,deccan_plateau,48,precipitation,0.3758928571428572,0.5951785714285714,0.94916692796518,112,False
gfs_global,deccan_plateau,48,temperature_2m,0.5609821428571429,0.7222321428571428,0.8731413933934999,112,False
gfs_global,deccan_plateau,48,wind_speed_10m,0.42517857142857146,0.8251785714285714,1.027263180911855,112,False
gfs_global,deccan_plateau,72,precipitation,0.5033928571428572,0.5894642857142857,0.959308716881961,112,True
gfs_global,deccan_plateau,72,temperature_2m,0.6464285714285714,0.8039285714285714,0.9789316333928244,112,False
gfs_global,deccan_plateau,72,wind_speed_10m,0.35883928571428575,0.8324107142857142,1.014421457214477,112,False
gfs_global,deccan_plateau,96,precipitation,0.5891071428571429,0.7000000000000001,1.093107464328841,112,True
gfs_global,deccan_plateau,96,temperature_2m,0.5806249999999998,0.8022321428571428,1.0072606947274656,112,False
gfs_global,deccan_plateau,96,wind_speed_10m,0.5470535714285714,0.9504464285714286,1.1593474919724702,112,False
gfs_global,deccan_plateau,120,precipitation,0.570625,0.6775892857142857,1.130957637832394,112,False
gfs_global,deccan_plateau,120,temperature_2m,0.6282142857142856,0.9000000000000001,1.0853406311910956,112,False
gfs_global,deccan_plateau,120,wind_speed_10m,0.3550892857142857,1.0166964285714286,1.2554733740136201,112,False
gfs_global,deccan_plateau,144,precipitation,0.48205357142857147,0.7377678571428571,1.1922289299579052,112,True
gfs_global,deccan_plateau,144,temperature_2m,0.4374107142857141,0.790625,1.0017266343668816,112,False
gfs_global,deccan_plateau,144,wind_speed_10m,0.3516964285714286,1.0120535714285714,1.255139078804758,112,False
gfs_global,east_coast,0,precipitation,0.38020408163265296,0.5989795918367347,0.9511646995732576,98,True
gfs_global,east_coast,0,temperature_2m,0.543469387755102,0.6822448979591836,0.8677733645629473,98,False
gfs_global,east_coast,0,wind_speed_10m,0.4307142857142857,0.5737755102040817,0.6975854859471216,98,False
gfs_global,east_coast,6,precipitation,0.6462244897959183,0.8835714285714285,1.304778892833446,98,False
gfs_global,east_coast,6,temperature_2m,0.46112244897959204,0.743775510204082,0.8899352189218895,98,False
gfs_global,east_coast,6,wind_speed_10m,0.4766326530612245,0.6888775510204083,0.8534808678797285,98,False
gfs_global,east_coast,12,precipitation,0.5659183673469387,0.9118367346938775,1.4356396569090015,98,False
gfs_global,east_coast,12,temperature_2m,0.5161224489795918,0.7214285714285716,0.9312762802756663,98,False
gfs_global,east_coast,12,wind_speed_10m,0.5329591836734694,0.6978571428571427,0.856951764413034,98,False
gfs_global,east_coast,24,precipitation,0.4909183673469387,0.8780612244897958,1.3522517124698163,98,True
gfs_global,east_coast,24,temperature_2m,0.5823469387755102,0.9454081632653062,1.181779616182514,98,False
gfs_global,east_coast,24,wind_speed_10m,0.30959183673469387,0.6951020408163265,0.8642750884824973,98,False
gfs_global,east_coast,48,precipitation,0.7465306122448979,1.0763265306122447,1.589097420627476,98,True
gfs_global,east_coast,48,temperature_2m,0.40530612244897973,0.8797959183673466,1.0868556031234395,98,False
gfs_global,east_coast,48,wind_speed_10m,0.42418367346938773,0.8317346938775511,1.0557205683168946,98,False
gfs_global,east_coast,72,precipitation,0.6909183673469387,1.011530612244898,1.7214330171845378,98,True
gfs_global,east_coast,72,temperature_2m,0.41122448979591847,0.9446938775510205,1.2094660653632685,98,False
gfs_global,east_coast,72,wind_speed_10m,0.23122448979591836,0.8459183673469387,1.0773967112764862,98,False
gfs_global,east_coast,96,precipitation,0.6331632653061224,1.4474489795918366,2.1437238723343843,98,False
gfs_global,east_coast,96,temperature_2m,0.4371428571428571,0.9095918367346938,1.1649279560801784,98,False
gfs_global,east_coast,96,wind_speed_10m,0.2773469387755102,0.8914285714285716,1.140396458093699,98,False
gfs_global,east_coast,120,precipitation,0.8443877551020408,1.4964285714285714,2.225192264107733,98,False
gfs_global,east_coast,120,temperature_2m,0.7581632653061225,1.206530612244898,1.467335499941222,98,False
gfs_global,east_coast,120,wind_speed_10m,0.5273469387755103,1.0357142857142858,1.2971829760945013,98,False
gfs_global,east_coast,144,precipitation,0.9531632653061224,1.3109183673469387,2.129716135151943,98,False
gfs_global,east_coast,144,temperature_2m,0.47632653061224495,1.0297959183673466,1.3288578800255963,98,False
gfs_global,east_coast,144,wind_speed_10m,0.4942857142857143,1.080816326530612,1.3069796931732895,98,False
gfs_global,himalayan,0,precipitation,0.45071428571428573,0.5330357142857143,0.8321969632931171,112,True
gfs_global,himalayan,0,temperature_2m,0.505625,0.7215178571428572,0.8973786229107216,112,False
gfs_global,himalayan,0,wind_speed_10m,0.3816964285714285,0.5670535714285715,0.6971504500464731,112,False
gfs_global,himalayan,6,precipitation,0.49598214285714287,0.5390178571428572,0.889272877130524,112,True
gfs_global,himalayan,6,temperature_2m,0.5201785714285715,0.7664285714285715,0.9439468810720836,112,False
gfs_global,himalayan,6,wind_speed_10m,0.27062499999999995,0.5806249999999998,0.7311372013123508,112,False
gfs_global,himalayan,12,precipitation,0.44410714285714287,0.5075000000000001,0.8420277396177125,112,True
gfs_global,himalayan,12,temperature_2m,0.3824107142857144,0.7100892857142858,0.9042138455981684,112,False
gfs_global,himalayan,12,wind_speed_10m,0.40232142857142855,0.6698214285714286,0.8309041976752106,112,False
gfs_global,himalayan,24,precipitation,0.48392857142857143,0.5594642857142857,0.9145002538467195,112,True
gfs_global,himalayan,24,temperature_2m,0.4300892857142857,0.9145535714285714,1.101140236949214,112,False
gfs_global,himalayan,24,wind_speed_10m,0.30642857142857133,0.7699999999999999,0.9443346107936832,112,False
gfs_global,himalayan,48,precipitation,0.6359821428571429,0.7463392857142858,1.189209296129155,112,True
gfs_global,himalayan,48,temperature_2m,0.5887500000000002,1.0119642857142856,1.241659316053666,112,False
gfs_global,himalayan,48,wind_speed_10m,0.23821428571428577,0.7678571428571427,0.9342844855824162,112,True
gfs_global,himalayan,72,precipitation,0.8210714285714287,0.8973214285714287,1.5201280491176674,112,False
gfs_global,himalayan,72,temperature_2m,0.5561607142857143,1.1320535714285715,1.45697674998608,112,False
gfs_global,himalayan,72,wind_speed_10m,0.40151785714285715,0.9166964285714287,1.1388359501827168,112,False
gfs_global,himalayan,96,precipitation,0.6882142857142857,0.85,1.5086003446904022,112,False
gfs_global,himalayan,96,temperature_2m,0.42839285714285724,1.0035714285714286,1.3278473449265815,112,False
gfs_global,himalayan,96,wind_speed_10m,0.46491071428571434,0.9241964285714286,1.183604135680507,112,False
gfs_global,himalayan,120,precipitation,1.0416071428571427,1.2080357142857143,1.8442705681573484,112,False
gfs_global,himalayan,120,temperature_2m,0.29857142857142854,1.1489285714285713,1.4588406600546102,112,False
gfs_global,himalayan,120,wind_speed_10m,0.2588392857142857,0.8945535714285714,1.0960810873288527,112,False
gfs_global,himalayan,144,precipitation,0.7711607142857143,0.9929464285714287,1.6297565002171337,112,False
gfs_global,himalayan,144,temperature_2m,0.715,1.1235714285714287,1.4262801267633227,112,False
gfs_global,himalayan,144,wind_speed_10m,0.35625000000000007,1.0226785714285713,1.303763097455099,112,False
gfs_global,indo_gangetic,0,precipitation,0.3079285714285715,0.36150000000000004,0.5985512270713105,140,True
gfs_global,indo_gangetic,0,temperature_2m,0.5156428571428572,0.5275,0.6112919573680462,140,True
gfs_global,indo_gangetic,0,wind_speed_10m,0.3802857142857143,0.5305714285714286,0.6782414235148342,140,False
gfs_global,indo_gangetic,6,precipitation,0.44792857142857145,0.48592857142857143,0.7456564701178227,140,True
gfs_global,indo_gangetic,6,temperature_2m,0.5223571428571427,0.5553571428571427,0.6561788736965813,140,True
gfs_global,indo_gangetic,6,wind_speed_10m,0.47092857142857125,0.6773571428571428,0.8383568111831279,140,False
gfs_global,indo_gangetic,12,precipitation,0.4365,0.5105,0.8240817400511398,140,True
gfs_global,indo_gangetic,12,temperature_2m,0.4559999999999999,0.5302857142857141,0.645992038871776,140,True
gfs_global,indo_gangetic,12,wind_speed_10m,0.34564285714285703,0.6843571428571429,0.8492118194453693,140,False
gfs_global,indo_gangetic,24,precipitation,0.5163571428571428,0.5714999999999999,0.9874169042796173,140,False
gfs_global,indo_gangetic,24,temperature_2m,0.5112857142857141,0.5745714285714286,0.6908338646674963,140,True
gfs_global,indo_gangetic,24,wind_speed_10m,0.49185714285714294,0.6745714285714287,0.8302968488094226,140,False
gfs_global,indo_gangetic,48,precipitation,0.47085714285714286,0.6128571428571429,0.99986713403046,140,True
gfs_global,indo_gangetic,48,temperature_2m,0.5124285714285715,0.5921428571428574,0.7182777019669044,140,True
gfs_global,indo_gangetic,48,wind_speed_10m,0.4015714285714285,0.726,0.9235869515875899,140,False
gfs_global,indo_gangetic,72,precipitation,0.6005,0.6656428571428571,1.065130776678888,140,True
gfs_global,indo_gangetic,72,temperature_2m,0.43549999999999983,0.5489285714285713,0.7088547100781651,140,True
gfs_global,indo_gangetic,72,wind_speed_10m,0.3335714285714285,0.9155714285714286,1.1192822955549941,140,False
gfs_global,indo_gangetic,96,precipitation,0.5457142857142857,0.6782857142857144,1.1136510097102106,140,True
gfs_global,indo_gangetic,96,temperature_2m,0.46792857142857136,0.633642857142857,0.8059470914928064,140,True
gfs_global,indo_gangetic,96,wind_speed_10m,0.4359285714285714,0.9133571428571429,1.1151716716016673,140,False
gfs_global,indo_gangetic,120,precipitation,0.68,0.8241428571428571,1.3444377475892504,140,True
gfs_global,indo_gangetic,120,temperature_2m,0.5484285714285715,0.7151428571428571,0.8920121716017749,140,True
gfs_global,indo_gangetic,120,wind_speed_10m,0.37278571428571416,0.8043571428571429,1.0132342135106627,140,False
gfs_global,indo_gangetic,144,precipitation,0.8532857142857143,0.9560000000000001,1.5848663756201746,140,False
gfs_global,indo_gangetic,144,temperature_2m,0.4463571428571429,0.6442142857142859,0.8088903333756506,140,True
gfs_global,indo_gangetic,144,wind_speed_10m,0.4150714285714285,1.0312142857142856,1.2947545272036265,140,False
gfs_global,peninsular_south,0,precipitation,0.3975,0.4386904761904762,0.664666941300034,84,True
gfs_global,peninsular_south,0,temperature_2m,0.482142857142857,0.6988095238095237,0.8615379382520648,84,False
gfs_global,peninsular_south,0,wind_speed_10m,0.3173809523809525,0.5614285714285716,0.6841522386971236,84,False
gfs_global,peninsular_south,6,precipitation,0.38285714285714284,0.5228571428571429,0.8262465330234877,84,True
gfs_global,peninsular_south,6,temperature_2m,0.461547619047619,0.7127380952380952,0.8974282037870108,84,False
gfs_global,peninsular_south,6,wind_speed_10m,0.45095238095238105,0.6457142857142858,0.8225381739585389,84,False
gfs_global,peninsular_south,12,precipitation,0.4508333333333333,0.5813095238095238,0.954107037022177,84,True
gfs_global,peninsular_south,12,temperature_2m,0.573690476190476,0.7953571428571425,0.9891753419605933,84,False
gfs_global,peninsular_south,12,wind_speed_10m,0.3983333333333333,0.6104761904761906,0.7515729537190018,84,False
gfs_global,peninsular_south,24,precipitation,0.25273809523809526,0.46464285714285714,0.7874242215997072,84,True
gfs_global,peninsular_south,24,temperature_2m,0.5363095238095238,0.8448809523809527,1.0911805533457795,84,False
gfs_global,peninsular_south,24,wind_speed_10m,0.41547619047619055,0.6485714285714286,0.8220502823226002,84,False
gfs_global,peninsular_south,48,precipitation,0.5678571428571428,0.7797619047619048,1.2046042622253288,84,True
gfs_global,peninsular_south,48,temperature_2m,0.39178571428571424,0.8922619047619046,1.134307529477157,84,False
gfs_global,peninsular_south,48,wind_speed_10m,0.3542857142857145,0.7578571428571431,0.9665759399131804,84,False
gfs_global,peninsular_south,72,precipitation,0.6044047619047619,0.7179761904761905,1.1842472996239706,84,True
gfs_global,peninsular_south,72,temperature_2m,0.37654761904761885,0.8455952380952377,1.0614954635077902,84,False
gfs_global,peninsular_south,72,wind_speed_10m,0.5152380952380953,0.8500000000000001,1.0448809455991581,84,False
gfs_global,peninsular_south,96,precipitation,0.6476190476190476,0.795,1.2906292300749311,84,False
gfs_global,peninsular_south,96,temperature_2m,0.720595238095238,1.152738095238095,1.3780528879200398,84,False
gfs_global,peninsular_south,96,wind_speed_10m,0.5255952380952381,0.8522619047619048,1.0566045122173648,84,False
gfs_global,peninsular_south,120,precipitation,0.7459523809523809,0.9619047619047618,1.4097196614254637,84,True
gfs_global,peninsular_south,120,temperature_2m,0.46726190476190477,0.9389285714285717,1.188715292918808,84,False
gfs_global,peninsular_south,120,wind_speed_10m,0.4989285714285714,0.9010714285714285,1.1071278800830293,84,False
gfs_global,peninsular_south,144,precipitation,0.7759523809523808,0.9447619047619048,1.4695658574979924,84,True
gfs_global,peninsular_south,144,temperature_2m,0.2204761904761902,1.114047619047619,1.3724500164374103,84,False
gfs_global,peninsular_south,144,wind_speed_10m,0.3030952380952381,1.0392857142857141,1.3361779180077136,84,False
gfs_global,western_ghats_coast,0,precipitation,0.42936507936507934,0.6822222222222222,1.0260952336754265,126,True
gfs_global,western_ghats_coast,0,temperature_2m,0.48484126984126985,0.6780158730158731,0.8398436173403366,126,False
gfs_global,western_ghats_coast,0,wind_speed_10m,0.4458730158730159,0.5755555555555555,0.6884212442420772,126,False
gfs_global,western_ghats_coast,6,precipitation,0.6,0.9047619047619048,1.3408218280603783,126,True
gfs_global,western_ghats_coast,6,temperature_2m,0.4975396825396828,0.7983333333333336,0.9660683698569662,126,False
gfs_global,western_ghats_coast,6,wind_speed_10m,0.25992063492063494,0.5324603174603176,0.670631661492973,126,True
gfs_global,western_ghats_coast,12,precipitation,0.7461111111111112,1.0567460317460318,1.6336046907726132,126,True
gfs_global,western_ghats_coast,12,temperature_2m,0.44238095238095243,0.8019047619047621,0.9729965170658229,126,False
gfs_global,western_ghats_coast,12,wind_speed_10m,0.35579365079365083,0.6711904761904762,0.8298570349239069,126,True
gfs_global,western_ghats_coast,24,precipitation,0.5916666666666667,1.1054761904761905,1.650917734194943,126,False
gfs_global,western_ghats_coast,24,temperature_2m,0.5011111111111112,0.8946031746031745,1.0704182538126101,126,False
gfs_global,western_ghats_coast,24,wind_speed_10m,0.48031746031746037,0.7801587301587302,0.9682638693222633,126,False
gfs_global,western_ghats_coast,48,precipitation,0.8012698412698412,1.060952380952381,1.6937162109322221,126,False
gfs_global,western_ghats_coast,48,temperature_2m,0.526984126984127,0.875079365079365,1.0914988965957966,126,False
gfs_global,western_ghats_coast,48,wind_speed_10m,0.5049206349206351,0.8663492063492064,1.0648369723942617,126,False
gfs_global,western_ghats_coast,72,precipitation,1.122936507936508,1.4648412698412698,2.1650087063133716,126,False
gfs_global,western_ghats_coast,72,temperature_2m,0.5493650793650794,1.064126984126984,1.3193252243548774,126,False
gfs_global,western_ghats_coast,72,wind_speed_10m,0.5196031746031747,0.9318253968253969,1.0993630912256454,126,False
gfs_global,western_ghats_coast,96,precipitation,0.9628571428571429,1.4101587301587302,2.172038395989075,126,False
gfs_global,western_ghats_coast,96,temperature_2m,0.4302380952380952,1.128968253968254,1.39881837889801,126,False
gfs_global,western_ghats_coast,96,wind_speed_10m,0.3703968253968255,0.9280158730158731,1.1485149141114834,126,False
gfs_global,western_ghats_coast,120,precipitation,0.765079365079365,1.303968253968254,1.9924580017879647,126,True
gfs_global,western_ghats_coast,120,temperature_2m,0.5433333333333336,1.113015873015873,1.3806704145634445,126,False
gfs_global,western_ghats_coast,120,wind_speed_10m,0.3195238095238096,0.9147619047619048,1.1214566774356822,126,False
gfs_global,western_ghats_coast,144,precipitation,0.6124603174603175,1.4684920634920635,2.2908480789076613,126,True
gfs_global,western_ghats_coast,144,temperature_2m,0.6294444444444446,1.3735714285714287,1.6821105884412093,126,False
gfs_global,western_ghats_coast,144,wind_speed_10m,0.27444444444444455,0.8904761904761905,1.1356474972874455,126,False
icon_global,arid_west,0,precipitation,0.13214285714285715,0.3095714285714286,0.5828513655175857,70,False
icon_global,arid_west,0,temperature_2m,-0.18128571428571416,0.6335714285714286,0.7988178766151897,70,False
icon_global,arid_west,0,wind_speed_10m,-0.19771428571428573,0.5142857142857142,0.6560574887701751,70,True
icon_global,arid_west,6,precipitation,0.19528571428571434,0.32728571428571424,0.6032376930246602,70,False
icon_global,arid_west,6,temperature_2m,-0.3598571428571429,0.7441428571428568,0.9448378545700692,70,False
icon_global,arid_west,6,wind_speed_10m,-0.30928571428571433,0.6504285714285714,0.8127879709458584,70,False
icon_global,arid_west,12,precipitation,0.15985714285714284,0.32328571428571434,0.5515316335960639,70,False
icon_global,arid_west,12,temperature_2m,-0.34542857142857153,0.7597142857142857,0.9715436906578847,70,False
icon_global,arid_west,12,wind_speed_10m,-0.16442857142857142,0.7461428571428572,0.9136856289618595,70,False
icon_global,arid_west,24,precipitation,0.1225714285714286,0.3142857142857143,0.622371042293674,70,False
icon_global,arid_west,24,temperature_2m,-0.36942857142857144,0.8294285714285717,1.0467691790866385,70,False
icon_global,arid_west,24,wind_speed_10m,-0.32699999999999996,0.7504285714285716,0.9429353863638501,70,False
icon_global,arid_west,48,precipitation,0.3004285714285714,0.49014285714285705,0.8292931585736992,70,False
icon_global,arid_west,48,temperature_2m,-0.21228571428571402,0.894857142857143,1.1049680021223627,70,False
icon_global,arid_west,48,wind_speed_10m,-0.0025714285714284976,0.6905714285714285,0.8506871172343987,70,True
icon_global,arid_west,72,precipitation,0.18400000000000002,0.34742857142857136,0.6182740954810066,70,True
icon_global,arid_west,72,temperature_2m,-0.24642857142857116,1.0381428571428568,1.3041258703492866,70,False
icon_global,arid_west,72,wind_speed_10m,-0.16242857142857153,0.8310000000000001,1.0501680137686815,70,False
icon_global,arid_west,96,precipitation,0.326,0.5459999999999999,0.9294299328082779,70,False
icon_global,arid_west,96,temperature_2m,-0.43985714285714317,1.1575714285714287,1.4637530041447762,70,False
icon_global,arid_west,96,wind_speed_10m,-0.22400000000000006,0.922,1.1626177359734369,70,False
icon_global,arid_west,120,precipitation,0.3231428571428572,0.5591428571428572,0.9531661525073759,70,False
icon_global,arid_west,120,temperature_2m,-0.22314285714285745,0.9511428571428573,1.1985407794480756,70,False
icon_global,arid_west,120,wind_speed_10m,-0.24928571428571433,1.0792857142857142,1.3070659618287932,70,False
icon_global,arid_west,144,precipitation,0.2785714285714286,0.5637142857142857,1.0990333414934625,70,False
icon_global,arid_west,144,temperature_2m,-0.330857142857143,1.1880000000000002,1.399982652953753,70,False
icon_global,arid_west,144,wind_speed_10m,-0.1391428571428571,0.9762857142857143,1.2411584450481277,70,False
icon_global,deccan_plateau,0,precipitation,-0.00723214285714284,0.47383928571428574,0.8144865823677777,112,False
icon_global,deccan_plateau,0,temperature_2m,-0.34258928571428576,0.557232142857143,0.6775685257911978,112,False
icon_global,deccan_plateau,0,wind_speed_10m,-0.24901785714285712,0.6024107142857144,0.7615134132577237,112,False
icon_global,deccan_plateau,6,precipitation,0.006339285714285747,0.5413392857142857,0.8788816960855912,112,False
icon_global,deccan_plateau,6,temperature_2m,-0.341339285714286,0.5711607142857147,0.7463045864218484,112,False
icon_global,deccan_plateau,6,wind_speed_10m,-0.2177678571428571,0.6197321428571428,0.7811867117222543,112,False
icon_global,deccan_plateau,12,precipitation,0.11696428571428574,0.5992857142857142,0.9625041743879792,112,False
icon_global,deccan_plateau,12,temperature_2m,-0.26910714285714293,0.5430357142857144,0.6817178930571544,112,True
icon_global,deccan_plateau,12,wind_speed_10m,-0.19330357142857144,0.6404464285714286,0.7861553145348753,112,False
icon_global,deccan_plateau,24,precipitation,0.18625000000000003,0.6749999999999999,1.0430081837783303,112,False
icon_global,deccan_plateau,24,temperature_2m,-0.2958035714285715,0.7047321428571429,0.8651573969102797,112,False
icon_global,deccan_plateau,24,wind_speed_10m,-0.28017857142857133,0.7401785714285714,0.9659395869899348,112,False
icon_global,deccan_plateau,48,precipitation,0.21839285714285714,0.6403571428571428,1.0884294058084665,112,False
icon_global,deccan_plateau,48,temperature_2m,-0.17562500000000017,0.7313392857142859,0.9323467894052544,112,False
icon_global,deccan_plateau,48,wind_speed_10m,-0.3017857142857143,0.8362499999999999,1.045605600323837,112,False
icon_global,deccan_plateau,72,precipitation,0.2833035714285715,0.7093749999999999,1.1461040372870668,112,False
icon_global,deccan_plateau,72,temperature_2m,-0.2152678571428571,0.8138392857142859,1.0099394430219213,112,False
icon_global,deccan_plateau,72,wind_speed_10m,-0.1913392857142858,0.8629464285714284,1.0716196853361737,112,False
icon_global,deccan_plateau,96,precipitation,0.26651785714285714,0.7313392857142856,1.1971047662709273,112,False
icon_global,deccan_plateau,96,temperature_2m,-0.31437500000000007,0.878482142857143,1.089421946984468,112,False
icon_global,deccan_plateau,96,wind_speed_10m,-0.29294642857142855,0.9109821428571429,1.1236225694473339,112,False
icon_global,deccan_plateau,120,precipitation,0.171875,0.6491964285714286,1.106870991966608,112,True
icon_global,deccan_plateau,120,temperature_2m,-0.45500000000000024,0.8760714285714285,1.1060951263663665,112,False
icon_global,deccan_plateau,120,wind_speed_10m,-0.5190178571428572,1.076875,1.3105488899148872,112,False
icon_global,deccan_plateau,144,precipitation,0.5598214285714287,1.0778571428571428,1.6740797045370501,112,False
icon_global,deccan_plateau,144,temperature_2m,-0.23607142857142865,0.9585714285714284,1.2135073135337915,112,False
icon_global,deccan_plateau,144,wind_speed_10m,-0.3572321428571428,1.0524107142857144,1.3053724837871263,112,False
icon_global,east_coast,0,precipitation,0.19367346938775504,0.8573469387755103,1.3888785668550683,98,False
icon_global,east_coast,0,temperature_2m,-0.3844897959183673,0.6651020408163263,0.842131649022713,98,False
icon_global,east_coast,0,wind_speed_10m,-0.23367346938775513,0.5524489795918366,0.724487151475484,98,False
icon_global,east_coast,6,precipitation,0.23714285714285713,0.7893877551020408,1.2079405648305985,98,True
icon_global,east_coast,6,temperature_2m,-0.25918367346938775,0.6851020408163265,0.870364690160137,98,False
icon_global,east_coast,6,wind_speed_10m,-0.1176530612244898,0.6384693877551021,0.7977078131133235,98,False
icon_global,east_coast,12,precipitation,0.21520408163265298,1.1045918367346939,1.4880774475127019,98,False
icon_global,east_coast,12,temperature_2m,-0.30051020408163265,0.7096938775510204,0.8983891479890492,98,False
icon_global,east_coast,12,wind_speed_10m,-0.17061224489795931,0.7142857142857143,0.9032424584658929,98,False
icon_global,east_coast,24,precipitation,0.11142857142857135,1.0873469387755101,1.6837858218542971,98,False
icon_global,east_coast,24,temperature_2m,-0.23224489795918368,0.7867346938775511,1.0302823072600351,98,False
icon_global,east_coast,24,wind_speed_10m,-0.32734693877551035,0.7061224489795919,0.8872348698544903,98,False
icon_global,east_coast,48,precipitation,0.4183673469387754,1.2326530612244897,1.8845651260398815,98,False
icon_global,east_coast,48,temperature_2m,-0.33448979591836736,0.8816326530612245,1.143049091023564,98,False
icon_global,east_coast,48,wind_speed_10m,-0.15642857142857144,0.8323469387755101,1.0524243149868358,98,False
icon_global,east_coast,72,precipitation,0.29397959183673467,1.495204081632653,2.222090622520575,98,False
icon_global,east_coast,72,temperature_2m,-0.3333673469387757,0.9235714285714286,1.191958172804015,98,False
icon_global,east_coast,72,wind_speed_10m,-0.12704081632653066,0.8570408163265307,1.036195454732438,98,False
icon_global,east_coast,96,precipitation,0.606938775510204,1.3265306122448979,2.1221206182418912,98,False
icon_global,east_coast,96,temperature_2m,-0.270408163265306,0.9338775510204084,1.1201931320362686,98,False
icon_global,east_coast,96,wind_speed_10m,-0.07367346938775507,0.8716326530612245,1.1120022390228523,98,False
icon_global,east_coast,120,precipitation,0.17959183673469375,1.5979591836734697,2.4856284878460495,98,False
icon_global,east_coast,120,temperature_2m,-0.30408163265306126,1.179591836734694,1.43452189290526,98,False
icon_global,east_coast,120,wind_speed_10m,-0.3748979591836734,1.0279591836734694,1.291127493348985,98,False
icon_global,east_coast,144,precipitation,0.10663265306122445,1.425,2.129765005720546,98,False
icon_global,east_coast,144,temperature_2m,-0.35377551020408143,1.1421428571428571,1.479622469774376,98,False
icon_global,east_coast,144,wind_speed_10m,-0.3052040816326531,1.058265306122449,1.3390839848072813,98,False
icon_global,himalayan,0,precipitation,0.20098214285714286,0.6747321428571428,1.0607153078398153,112,False
icon_global,himalayan,0,temperature_2m,-0.28366071428571427,0.3475892857142858,0.42130007120815927,112,True
icon_global,himalayan,0,wind_speed_10m,-0.19017857142857145,0.562142857142857,0.696645021308762,112,False
icon_global,himalayan,6,precipitation,0.3409821428571429,0.6638392857142856,1.0457392293082848,112,False
icon_global,himalayan,6,temperature_2m,-0.2702678571428571,0.4088392857142858,0.5074014682674854,112,True
icon_global,himalayan,6,wind_speed_10m,-0.13482142857142854,0.5794642857142858,0.7306296208457078,112,False
icon_global,himalayan,12,precipitation,0.5675892857142857,0.8279464285714285,1.2700376119289876,112,False
icon_global,himalayan,12,temperature_2m,-0.24357142857142863,0.4042857142857144,0.5044763904995245,112,True
icon_global,himalayan,12,wind_speed_10m,-0.32250000000000006,0.6944642857142859,0.8836157455106183,112,False
icon_global,himalayan,24,precipitation,0.5392857142857143,0.9142857142857143,1.4160659790923786,112,False
icon_global,himalayan,24,temperature_2m,-0.26991071428571434,0.3843750000000001,0.47982790813850285,112,True
icon_global,himalayan,24,wind_speed_10m,-0.03874999999999995,0.687142857142857,0.8680962339675086,112,False
icon_global,himalayan,48,precipitation,0.5956250000000001,0.9924107142857143,1.5701839632894703,112,False
icon_global,himalayan,48,temperature_2m,-0.18062500000000004,0.3881249999999999,0.4882649675856629,112,True
icon_global,himalayan,48,wind_speed_10m,-0.180625,0.8277678571428572,1.0017221777661567,112,False
icon_global,himalayan,72,precipitation,0.7158928571428572,1.07375,1.7324363521600772,112,False
icon_global,himalayan,72,temperature_2m,-0.35848214285714286,0.5172321428571428,0.658611228267481,112,True
icon_global,himalayan,72,wind_speed_10m,-0.2028571428571428,0.8196428571428572,1.0277463208399242,112,False
icon_global,himalayan,96,precipitation,0.7994642857142857,1.27125,1.8534523771291547,112,False
icon_global,himalayan,96,temperature_2m,-0.29741071428571414,0.587410714285714,0.7279134809263291,112,True
icon_global,himalayan,96,wind_speed_10m,-0.2875,0.9492857142857142,1.1676540889443978,112,False
icon_global,himalayan,120,precipitation,0.6878571428571428,1.0226785714285715,1.8332543273019781,112,False
icon_global,himalayan,120,temperature_2m,-0.3690178571428572,0.5491964285714286,0.6713239850155385,112,True
icon_global,himalayan,120,wind_speed_10m,-0.220625,0.8379464285714285,1.0757045033704322,112,False
icon_global,himalayan,144,precipitation,0.5423214285714286,0.8626785714285715,1.5028496740716095,112,True
icon_global,himalayan,144,temperature_2m,-0.34107142857142864,0.6217857142857144,0.7939885749447894,112,True
icon_global,himalayan,144,wind_speed_10m,-0.3904464285714285,1.0324107142857144,1.3040715772423799,112,False
icon_global,indo_gangetic,0,precipitation,0.1037857142857143,0.47821428571428576,0.7878601217402562,140,False
icon_global,indo_gangetic,0,temperature_2m,-0.42485714285714277,0.6469999999999999,0.8029570349651342,140,False
icon_global,indo_gangetic,0,wind_speed_10m,-0.10357142857142866,0.5288571428571429,0.6620325844376113,140,False
icon_global,indo_gangetic,6,precipitation,0.15035714285714283,0.5350714285714286,0.8396916951221698,140,False
icon_global,indo_gangetic,6,temperature_2m,-0.2295,0.6479285714285715,0.793047017161386,140,False
icon_global,indo_gangetic,6,wind_speed_10m,-0.05642857142857139,0.6568571428571428,0.8378544026261363,140,False
icon_global,indo_gangetic,12,precipitation,0.11442857142857142,0.6735714285714286,1.0829068024798545,140,False
icon_global,indo_gangetic,12,temperature_2m,-0.519142857142857,0.8297142857142855,1.023964285091456,140,False
icon_global,indo_gangetic,12,wind_speed_10m,-0.10428571428571431,0.5961428571428571,0.7623075869639874,140,False
icon_global,indo_gangetic,24,precipitation,0.10707142857142857,0.6809285714285714,1.1204982947650695,140,False
icon_global,indo_gangetic,24,temperature_2m,-0.3904285714285714,0.776857142857143,0.9688653157173086,140,False
icon_global,indo_gangetic,24,wind_speed_10m,-0.22228571428571428,0.664142857142857,0.7966761306471137,140,False
icon_global,indo_gangetic,48,precipitation,0.43435714285714283,0.8640714285714286,1.2434534283886263,140,False
icon_global,indo_gangetic,48,temperature_2m,-0.1635714285714284,0.7685714285714284,0.9910549934287198,140,False
icon_global,indo_gangetic,48,wind_speed_10m,-0.07492857142857139,0.7602142857142857,0.970857868073386,140,False
icon_global,indo_gangetic,72,precipitation,0.40650000000000003,0.9884999999999999,1.5225507263423816,140,False
icon_global,indo_gangetic,72,temperature_2m,-0.43314285714285716,1.0104285714285715,1.242116281651141,140,False
icon_global,indo_gangetic,72,wind_speed_10m,-0.28442857142857136,0.9202857142857143,1.1157425458283057,140,False
icon_global,indo_gangetic,96,precipitation,0.3816428571428571,0.8369285714285715,1.3677256930498058,140,False
icon_global,indo_gangetic,96,temperature_2m,-0.3666428571428571,0.9325000000000001,1.2237182799040915,140,False
icon_global,indo_gangetic,96,wind_speed_10m,-0.05778571428571429,0.7333571428571428,0.9394531083865457,140,False
icon_global,indo_gangetic,120,precipitation,0.7086428571428572,1.1499285714285714,1.6662423507487054,140,False
icon_global,indo_gangetic,120,temperature_2m,-0.3176428571428571,0.9600714285714288,1.2494613124977385,140,False
icon_global,indo_gangetic,120,wind_speed_10m,-0.17321428571428574,0.9235,1.1861694049092892,140,False
icon_global,indo_gangetic,144,precipitation,0.2563571428571429,0.8910714285714286,1.519174823006603,140,False
icon_global,indo_gangetic,144,temperature_2m,-0.4309285714285715,1.0715000000000001,1.33491385489851,140,False
icon_global,indo_gangetic,144,wind_speed_10m,-0.2673571428571429,0.9779285714285714,1.2444646008855145,140,False
icon_global,peninsular_south,0,precipitation,0.1813095238095238,0.45678571428571424,0.7893962430689851,84,False
icon_global,peninsular_south,0,temperature_2m,-0.39964285714285724,0.5865476190476191,0.716830822838575,84,False
icon_global,peninsular_south,0,wind_speed_10m,-0.16440476190476194,0.5601190476190476,0.7209575312768166,84,False
icon_global,peninsular_south,6,precipitation,0.0026190476190476584,0.629047619047619,1.0713898405698041,84,False
icon_global,peninsular_south,6,temperature_2m,-0.3222619047619047,0.688452380952381,0.8346891351760563,84,False
icon_global,peninsular_south,6,wind_speed_10m,-0.20178571428571423,0.6689285714285713,0.8339985440206543,84,False
icon_global,peninsular_south,12,precipitation,0.1438095238095238,0.6264285714285714,0.9868166713514435,84,False
icon_global,peninsular_south,12,temperature_2m,-0.4158333333333332,0.7377380952380954,0.8726103423199897,84,False
icon_global,peninsular_south,12,wind_speed_10m,-0.18892857142857142,0.7594047619047618,0.9635567791607645,84,False
icon_global,peninsular_south,24,precipitation,0.14928571428571427,0.544047619047619,0.9438018355364143,84,False
icon_global,peninsular_south,24,temperature_2m,-0.31642857142857134,0.8361904761904765,1.0312579004026383,84,False
icon_global,peninsular_south,24,wind_speed_10m,-0.20988095238095233,0.6820238095238096,0.8642330759255916,84,False
icon_global,peninsular_south,48,precipitation,0.36654761904761907,0.9844047619047619,1.5439239587739386,84,False
icon_global,peninsular_south,48,temperature_2m,-0.38821428571428573,0.7786904761904758,1.0261781846573559,84,False
icon_global,peninsular_south,48,wind_speed_10m,-0.3613095238095238,0.7825000000000001,1.0102256937837961,84,False
icon_global,peninsular_south,72,precipitation,0.3288095238095238,1.1321428571428571,1.7802146740531843,84,False
icon_global,peninsular_south,72,temperature_2m,-0.32797619047619053,0.8736904761904764,1.1577579934634752,84,False
icon_global,peninsular_south,72,wind_speed_10m,-0.18857142857142853,0.8421428571428571,1.062268462166832,84,False
icon_global,peninsular_south,96,precipitation,0.3964285714285714,0.9411904761904762,1.5026785608182665,84,False
icon_global,peninsular_south,96,temperature_2m,-0.4344047619047622,1.043214285714286,1.2910594578908923,84,False
icon_global,peninsular_south,96,wind_speed_10m,-0.20357142857142854,0.7964285714285714,0.9842618699164509,84,False
icon_global,peninsular_south,120,precipitation,0.8541666666666666,1.2360714285714285,1.9504184532702575,84,False
icon_global,peninsular_south,120,temperature_2m,-0.23511904761904787,0.8727380952380953,1.0947803650134795,84,False
icon_global,peninsular_south,120,wind_speed_10m,-0.23928571428571419,0.947857142857143,1.1761671002111258,84,False
icon_global,peninsular_south,144,precipitation,0.4932142857142857,1.173452380952381,1.8297921427622004,84,False
icon_global,peninsular_south,144,temperature_2m,-0.40928571428571425,1.1523809523809523,1.4524789974713017,84,False
icon_global,peninsular_south,144,wind_speed_10m,0.07166666666666684,0.9621428571428571,1.136696340905772,84,False
icon_global,western_ghats_coast,0,precipitation,-0.0756349206349207,0.8172222222222222,1.3227127608135667,126,False
icon_global,western_ghats_coast,0,temperature_2m,-0.314206349206349,0.6323015873015873,0.7893673375880164,126,False
icon_global,western_ghats_coast,0,wind_speed_10m,-0.1511904761904762,0.6486507936507936,0.8068314471604242,126,False
icon_global,western_ghats_coast,6,precipitation,0.30515873015873013,1.010873015873016,1.5357220007189005,126,False
icon_global,western_ghats_coast,6,temperature_2m,-0.2856349206349206,0.6935714285714287,0.8698407991540844,126,False
icon_global,western_ghats_coast,6,wind_speed_10m,-0.2061904761904761,0.6250793650793651,0.792075834111941,126,False
icon_global,western_ghats_coast,12,precipitation,0.13523809523809524,1.236031746031746,1.7139585666678083,126,False
icon_global,western_ghats_coast,12,temperature_2m,-0.2412698412698412,0.7895238095238094,0.9669925559044408,126,False
icon_global,western_ghats_coast,12,wind_speed_10m,-0.2697619047619047,0.6745238095238095,0.8510194633403675,126,False
icon_global,western_ghats_coast,24,precipitation,0.03746031746031744,1.1050793650793649,1.775904419707465,126,False
icon_global,western_ghats_coast,24,temperature_2m,-0.3927777777777777,0.8816666666666666,1.0850488248834482,126,False
icon_global,western_ghats_coast,24,wind_speed_10m,-0.20150793650793647,0.7983333333333333,0.9877379158846695,126,False
icon_global,western_ghats_coast,48,precipitation,0.21999999999999997,1.086825396825397,1.59858022324772,126,True
icon_global,western_ghats_coast,48,temperature_2m,-0.4607142857142856,0.8611904761904762,1.1496524664657548,126,False
icon_global,western_ghats_coast,48,wind_speed_10m,-0.26269841269841265,0.7850793650793649,0.9700539994787722,126,False
icon_global,western_ghats_coast,72,precipitation,0.24206349206349206,1.318888888888889,1.9679390557088212,126,True
icon_global,western_ghats_coast,72,temperature_2m,-0.22436507936507916,1.0045238095238094,1.2786007356754652,126,False
icon_global,western_ghats_coast,72,wind_speed_10m,-0.27896825396825387,0.9162698412698412,1.1189390524843623,126,False
icon_global,western_ghats_coast,96,precipitation,0.22396825396825398,1.4161904761904762,2.1271353416989625,126,False
icon_global,western_ghats_coast,96,temperature_2m,-0.2966666666666664,1.1331746031746033,1.3657180215131213,126,False
icon_global,western_ghats_coast,96,wind_speed_10m,-0.1255555555555555,0.8415873015873016,1.0682473407186093,126,False
icon_global,western_ghats_coast,120,precipitation,0.46142857142857135,1.8371428571428572,2.7099361557523767,126,False
icon_global,western_ghats_coast,120,temperature_2m,-0.31753968253968246,1.1149999999999998,1.4412508346065123,126,False
icon_global,western_ghats_coast,120,wind_speed_10m,-0.15920634920634916,1.0703174603174601,1.284465178060812,126,False
icon_global,western_ghats_coast,144,precipitation,0.3868253968253968,1.5582539682539682,2.413232370947828,126,False
icon_global,western_ghats_coast,144,temperature_2m,-0.2107142857142856,1.2799206349206347,1.576657354246132,126,False
icon_global,western_ghats_coast,144,wind_speed_10m,-0.16039682539682523,0.9875396825396825,1.2173589028765093,126,False
