zone,lead_hours,variable,model,weight,rmse,n
arid_west,0,precipitation,ecmwf_aifs025_single,0.41844840824550583,0.3990703482559721,70
arid_west,0,temperature_2m,ecmwf_aifs025_single,0.35787284513260564,0.6501230652730289,70
arid_west,0,wind_speed_10m,ecmwf_aifs025_single,0.32116035072989296,0.6913279147512313,70
arid_west,6,precipitation,ecmwf_aifs025_single,0.3213890811849594,0.3927503751021216,70
arid_west,6,temperature_2m,ecmwf_aifs025_single,0.28610089530893623,0.8064392634999157,70
arid_west,6,wind_speed_10m,ecmwf_aifs025_single,0.37317115618421237,0.7023501365314272,70
arid_west,12,precipitation,ecmwf_aifs025_single,0.34733702270550626,0.5215498880397595,70
arid_west,12,temperature_2m,ecmwf_aifs025_single,0.3150378841123404,0.8359272012049167,70
arid_west,12,wind_speed_10m,ecmwf_aifs025_single,0.41108207120657575,0.6803297519795614,70
arid_west,24,precipitation,ecmwf_aifs025_single,0.3094858250118121,0.61134628952361,70
arid_west,24,temperature_2m,ecmwf_aifs025_single,0.3428167922099079,0.732635165491178,70
arid_west,24,wind_speed_10m,ecmwf_aifs025_single,0.3327264944668495,0.891131704231038,70
arid_west,48,precipitation,ecmwf_aifs025_single,0.45740238707846337,0.5070657889127548,70
arid_west,48,temperature_2m,ecmwf_aifs025_single,0.30758594776028525,0.9015589672498252,70
arid_west,48,wind_speed_10m,ecmwf_aifs025_single,0.3632771218093053,0.8898820146513807,70
arid_west,72,precipitation,ecmwf_aifs025_single,0.2818813611862437,0.7746483072982217,70
arid_west,72,temperature_2m,ecmwf_aifs025_single,0.31684601783940686,0.9650906693155836,70
arid_west,72,wind_speed_10m,ecmwf_aifs025_single,0.4356200869274233,0.8017373991169785,70
arid_west,96,precipitation,ecmwf_aifs025_single,0.2705746794673716,0.6764297028199922,70
arid_west,96,temperature_2m,ecmwf_aifs025_single,0.3449471918065484,1.0610594436020742,70
arid_west,96,wind_speed_10m,ecmwf_aifs025_single,0.39948422680451323,0.9545066040331291,70
arid_west,120,precipitation,ecmwf_aifs025_single,0.39114750829421974,0.7067288831551419,70
arid_west,120,temperature_2m,ecmwf_aifs025_single,0.28135425743620024,1.112523515000277,70
arid_west,120,wind_speed_10m,ecmwf_aifs025_single,0.41144846104905736,0.969491029944505,70
arid_west,144,precipitation,ecmwf_aifs025_single,0.43749574346574494,0.6723615099037125,70
arid_west,144,temperature_2m,ecmwf_aifs025_single,0.2690907131117173,1.1351809169844755,70
arid_west,144,wind_speed_10m,ecmwf_aifs025_single,0.4322252997097574,0.9409326680024906,70
deccan_plateau,0,precipitation,ecmwf_aifs025_single,0.2979549167550779,0.8314402306497185,112
deccan_plateau,0,temperature_2m,ecmwf_aifs025_single,0.3775109847577555,0.6088242474521807,112
deccan_plateau,0,wind_speed_10m,ecmwf_aifs025_single,0.40123402795839963,0.6408622818404234,112
deccan_plateau,6,precipitation,ecmwf_aifs025_single,0.2892520128150823,0.9004259904543594,112
deccan_plateau,6,temperature_2m,ecmwf_aifs025_single,0.3442129956675128,0.7140290610332329,112
deccan_plateau,6,wind_speed_10m,ecmwf_aifs025_single,0.38147287413089653,0.6980892288444016,112
deccan_plateau,12,precipitation,ecmwf_aifs025_single,0.33226261958110687,0.829138429765673,112
deccan_plateau,12,temperature_2m,ecmwf_aifs025_single,0.3145960214878955,0.7616839895914842,112
deccan_plateau,12,wind_speed_10m,ecmwf_aifs025_single,0.3813290554927036,0.7156372035765448,112
deccan_plateau,24,precipitation,ecmwf_aifs025_single,0.28877590633004757,1.075066858386026,112
deccan_plateau,24,temperature_2m,ecmwf_aifs025_single,0.4079256066542646,0.6876707580147428,112
deccan_plateau,24,wind_speed_10m,ecmwf_aifs025_single,0.35657257467879677,0.8811802150687289,112
deccan_plateau,48,precipitation,ecmwf_aifs025_single,0.4229148531001938,0.7849687209418876,112
deccan_plateau,48,temperature_2m,ecmwf_aifs025_single,0.40488746888888105,0.7341820035152824,112
deccan_plateau,48,wind_speed_10m,ecmwf_aifs025_single,0.38569866317125645,0.8903650936554062,112
deccan_plateau,72,precipitation,ecmwf_aifs025_single,0.30708072318778584,1.12967836762758,112
deccan_plateau,72,temperature_2m,ecmwf_aifs025_single,0.41865431144437487,0.7794898743958862,112
deccan_plateau,72,wind_speed_10m,ecmwf_aifs025_single,0.41779633262990673,0.8189763863681122,112
deccan_plateau,96,precipitation,ecmwf_aifs025_single,0.339760728970607,1.120445941196119,112
deccan_plateau,96,temperature_2m,ecmwf_aifs025_single,0.39997166907229903,0.8637940602779282,112
deccan_plateau,96,wind_speed_10m,ecmwf_aifs025_single,0.4314362927444168,0.864089632420817,112
deccan_plateau,120,precipitation,ecmwf_aifs025_single,0.3021293856377019,1.2315024215508934,112
deccan_plateau,120,temperature_2m,ecmwf_aifs025_single,0.398668401330809,0.9077469164286454,112
deccan_plateau,120,wind_speed_10m,ecmwf_aifs025_single,0.4253744357103061,0.98711837110421,112
deccan_plateau,144,precipitation,ecmwf_aifs025_single,0.3284969614518932,1.4031679718205006,112
deccan_plateau,144,temperature_2m,ecmwf_aifs025_single,0.3747456243621916,0.97037041896381,112
deccan_plateau,144,wind_speed_10m,ecmwf_aifs025_single,0.39802553717036276,1.0621335502522404,112
east_coast,0,precipitation,ecmwf_aifs025_single,0.2704104819052627,1.3665549564432424,98
east_coast,0,temperature_2m,ecmwf_aifs025_single,0.6042887816491395,0.406027293744283,98
east_coast,0,wind_speed_10m,ecmwf_aifs025_single,0.35203507287892827,0.6724414852018041,98
east_coast,6,precipitation,ecmwf_aifs025_single,0.3151422184805707,1.325408677829335,98
east_coast,6,temperature_2m,ecmwf_aifs025_single,0.6488881344461449,0.3681171064778606,98
east_coast,6,wind_speed_10m,ecmwf_aifs025_single,0.4341181721203904,0.6197341431317669,98
east_coast,12,precipitation,ecmwf_aifs025_single,0.3578290736434734,1.3594420374040317,98
east_coast,12,temperature_2m,ecmwf_aifs025_single,0.6680327011163287,0.3614186898705643,98
east_coast,12,wind_speed_10m,ecmwf_aifs025_single,0.40562978302136915,0.7146384843158854,98
east_coast,24,precipitation,ecmwf_aifs025_single,0.27252882090443065,1.8128287175526745,98
east_coast,24,temperature_2m,ecmwf_aifs025_single,0.6065156077627889,0.5191024435877524,98
east_coast,24,wind_speed_10m,ecmwf_aifs025_single,0.39096212868353714,0.7412117767272616,98
east_coast,48,precipitation,ecmwf_aifs025_single,0.3083051042086511,1.858182950505956,98
east_coast,48,temperature_2m,ecmwf_aifs025_single,0.6468754647445745,0.4687728225736574,98
east_coast,48,wind_speed_10m,ecmwf_aifs025_single,0.3785547084949034,0.9240566066236948,98
east_coast,72,precipitation,ecmwf_aifs025_single,0.2850210501988926,2.247200753045841,98
east_coast,72,temperature_2m,ecmwf_aifs025_single,0.6267214056046888,0.5354208720288011,98
east_coast,72,wind_speed_10m,ecmwf_aifs025_single,0.4405440433482869,0.7803374466294982,98
east_coast,96,precipitation,ecmwf_aifs025_single,0.3523413543621121,2.0161807195481143,98
east_coast,96,temperature_2m,ecmwf_aifs025_single,0.6048349484324583,0.5416829406241858,98
east_coast,96,wind_speed_10m,ecmwf_aifs025_single,0.3444103994779327,1.0894639198491436,98
east_coast,120,precipitation,ecmwf_aifs025_single,0.4138543225185348,1.864192663249774,98
east_coast,120,temperature_2m,ecmwf_aifs025_single,0.668991818246999,0.5716999355663163,98
east_coast,120,wind_speed_10m,ecmwf_aifs025_single,0.41024386538627294,1.0384451681947098,98
east_coast,144,precipitation,ecmwf_aifs025_single,0.3790044028460082,1.8646737417750336,98
east_coast,144,temperature_2m,ecmwf_aifs025_single,0.6071637717630651,0.6593642578194515,98
east_coast,144,wind_speed_10m,ecmwf_aifs025_single,0.43519375682351974,0.9914743711117442,98
himalayan,0,precipitation,ecmwf_aifs025_single,0.3533484743608286,0.8758633495830597,112
himalayan,0,temperature_2m,ecmwf_aifs025_single,0.23847001000637252,0.7585948005546647,112
himalayan,0,wind_speed_10m,ecmwf_aifs025_single,0.34407440465228545,0.6749689146281372,112
himalayan,6,precipitation,ecmwf_aifs025_single,0.28419393381743535,1.119083649369302,112
himalayan,6,temperature_2m,ecmwf_aifs025_single,0.27869592203214544,0.7664452967153903,112
himalayan,6,wind_speed_10m,ecmwf_aifs025_single,0.3446712372841527,0.7066387994280692,112
himalayan,12,precipitation,ecmwf_aifs025_single,0.24676637070607993,1.328735972913463,112
himalayan,12,temperature_2m,ecmwf_aifs025_single,0.30586520055055005,0.6906512196057116,112
himalayan,12,wind_speed_10m,ecmwf_aifs025_single,0.3822327239264126,0.7428660713749147,112
himalayan,24,precipitation,ecmwf_aifs025_single,0.34738770740813196,1.05368231861953,112
himalayan,24,temperature_2m,ecmwf_aifs025_single,0.24928915468268895,0.8454088191097676,112
himalayan,24,wind_speed_10m,ecmwf_aifs025_single,0.38305173489727595,0.7826682840495985,112
himalayan,48,precipitation,ecmwf_aifs025_single,0.33470778059359924,1.3414411227162697,112
himalayan,48,temperature_2m,ecmwf_aifs025_single,0.248740424749867,0.8807824240818096,112
himalayan,48,wind_speed_10m,ecmwf_aifs025_single,0.3341055818013396,0.9643002644404904,112
himalayan,72,precipitation,ecmwf_aifs025_single,0.35897253514027766,1.4999247004909473,112
himalayan,72,temperature_2m,ecmwf_aifs025_single,0.30613243081928176,0.952151229734917,112
himalayan,72,wind_speed_10m,ecmwf_aifs025_single,0.36017921373337775,0.9976763181083762,112
himalayan,96,precipitation,ecmwf_aifs025_single,0.4142514127391894,1.316593616116985,112
himalayan,96,temperature_2m,ecmwf_aifs025_single,0.3040383096085039,1.0074397358793088,112
himalayan,96,wind_speed_10m,ecmwf_aifs025_single,0.3941428871769041,0.9863619119920292,112
himalayan,120,precipitation,ecmwf_aifs025_single,0.3445310158293509,1.7784840053098194,112
himalayan,120,temperature_2m,ecmwf_aifs025_single,0.2698370402807838,1.0876399745714178,112
himalayan,120,wind_speed_10m,ecmwf_aifs025_single,0.3832449936781365,0.9393120582943364,112
himalayan,144,precipitation,ecmwf_aifs025_single,0.26793791551390095,1.924450988501099,112
himalayan,144,temperature_2m,ecmwf_aifs025_single,0.329451823715498,1.0115727676671185,112
himalayan,144,wind_speed_10m,ecmwf_aifs025_single,0.42581926751359345,1.0025641233500089,112
indo_gangetic,0,precipitation,ecmwf_aifs025_single,0.2532961168367636,0.8769916109714423,140
indo_gangetic,0,temperature_2m,ecmwf_aifs025_single,0.2947263741359226,0.7787439520517274,140
indo_gangetic,0,wind_speed_10m,ecmwf_aifs025_single,0.34384241377158364,0.649376624155813,140
indo_gangetic,6,precipitation,ecmwf_aifs025_single,0.27203005555608945,0.9582819447919728,140
indo_gangetic,6,temperature_2m,ecmwf_aifs025_single,0.32162885753945214,0.742396697960637,140
indo_gangetic,6,wind_speed_10m,ecmwf_aifs025_single,0.3990661146002188,0.6936384401936544,140
indo_gangetic,12,precipitation,ecmwf_aifs025_single,0.30814403492932946,1.0063193188191168,140
indo_gangetic,12,temperature_2m,ecmwf_aifs025_single,0.36830232156645115,0.7060352075397617,140
indo_gangetic,12,wind_speed_10m,ecmwf_aifs025_single,0.3872612250578451,0.6867298283479881,140
indo_gangetic,24,precipitation,ecmwf_aifs025_single,0.3692757696218236,0.9439779053104398,140
indo_gangetic,24,temperature_2m,ecmwf_aifs025_single,0.3137760440877029,0.8501172188082567,140
indo_gangetic,24,wind_speed_10m,ecmwf_aifs025_single,0.3427556728240143,0.7905450199523292,140
indo_gangetic,48,precipitation,ecmwf_aifs025_single,0.3664685880759772,1.002843457375078,140
indo_gangetic,48,temperature_2m,ecmwf_aifs025_single,0.28617695037796587,0.9589324421310548,140
indo_gangetic,48,wind_speed_10m,ecmwf_aifs025_single,0.35259662470776093,0.8940429839458823,140
indo_gangetic,72,precipitation,ecmwf_aifs025_single,0.31046869676677424,1.3336807285532342,140
indo_gangetic,72,temperature_2m,ecmwf_aifs025_single,0.30277502811046614,0.9733663970248524,140
indo_gangetic,72,wind_speed_10m,ecmwf_aifs025_single,0.404726639983472,0.9104735816360312,140
indo_gangetic,96,precipitation,ecmwf_aifs025_single,0.2906264686757343,1.3983692032404846,140
indo_gangetic,96,temperature_2m,ecmwf_aifs025_single,0.3167688598587076,1.0113025547000545,140
indo_gangetic,96,wind_speed_10m,ecmwf_aifs025_single,0.39759215046815505,0.8459331280561467,140
indo_gangetic,120,precipitation,ecmwf_aifs025_single,0.31424030455185276,1.572747368687764,140
indo_gangetic,120,temperature_2m,ecmwf_aifs025_single,0.2955418285264529,1.1619850626037695,140
indo_gangetic,120,wind_speed_10m,ecmwf_aifs025_single,0.4003677799669914,0.8998595128447232,140
indo_gangetic,144,precipitation,ecmwf_aifs025_single,0.3941816363187038,1.3013624728392492,140
indo_gangetic,144,temperature_2m,ecmwf_aifs025_single,0.29738134502300984,1.109046888098064,140
indo_gangetic,144,wind_speed_10m,ecmwf_aifs025_single,0.4502306813925022,0.9132731558207856,140
peninsular_south,0,precipitation,ecmwf_aifs025_single,0.23910206697084313,0.9818004597967668,84
peninsular_south,0,temperature_2m,ecmwf_aifs025_single,0.5858844244124687,0.3903493551264292,84
peninsular_south,0,wind_speed_10m,ecmwf_aifs025_single,0.38638819024109616,0.6019136150644875,84
peninsular_south,6,precipitation,ecmwf_aifs025_single,0.3262349565918605,0.9492152146955524,84
peninsular_south,6,temperature_2m,ecmwf_aifs025_single,0.5842098378059323,0.4341946568072893,84
peninsular_south,6,wind_speed_10m,ecmwf_aifs025_single,0.40513258176779937,0.6740213363868847,84
peninsular_south,12,precipitation,ecmwf_aifs025_single,0.2737224978897334,1.1712935462251004,84
peninsular_south,12,temperature_2m,ecmwf_aifs025_single,0.5846044815886602,0.4646734644580306,84
peninsular_south,12,wind_speed_10m,ecmwf_aifs025_single,0.3933826728224134,0.7073575912540713,84
peninsular_south,24,precipitation,ecmwf_aifs025_single,0.2583558832522996,1.0902156842089723,84
peninsular_south,24,temperature_2m,ecmwf_aifs025_single,0.5948918477011012,0.5169404036756858,84
peninsular_south,24,wind_speed_10m,ecmwf_aifs025_single,0.3741245173163229,0.7479201319723411,84
peninsular_south,48,precipitation,ecmwf_aifs025_single,0.34381287453593135,1.306769007168152,84
peninsular_south,48,temperature_2m,ecmwf_aifs025_single,0.5791696881842531,0.5482862912228034,84
peninsular_south,48,wind_speed_10m,ecmwf_aifs025_single,0.36617767516886596,0.8970819095160443,84
peninsular_south,72,precipitation,ecmwf_aifs025_single,0.37106424312100533,1.2610067784267045,84
peninsular_south,72,temperature_2m,ecmwf_aifs025_single,0.5705146276881637,0.5771058745812505,84
peninsular_south,72,wind_speed_10m,ecmwf_aifs025_single,0.44235657149191787,0.7744575674686922,84
peninsular_south,96,precipitation,ecmwf_aifs025_single,0.4161423503046322,1.0947379551637877,84
peninsular_south,96,temperature_2m,ecmwf_aifs025_single,0.6589490747878657,0.5412331598611945,84
peninsular_south,96,wind_speed_10m,ecmwf_aifs025_single,0.36803541120196076,0.9203454320447916,84
peninsular_south,120,precipitation,ecmwf_aifs025_single,0.36162263457866084,1.4962090985776912,84
peninsular_south,120,temperature_2m,ecmwf_aifs025_single,0.5489642171662535,0.6296153398627419,84
peninsular_south,120,wind_speed_10m,ecmwf_aifs025_single,0.4149281060511868,0.9033159812074408,84
peninsular_south,144,precipitation,ecmwf_aifs025_single,0.31380147193479413,1.7248139996339702,84
peninsular_south,144,temperature_2m,ecmwf_aifs025_single,0.6020853620347304,0.6744389202461979,84
peninsular_south,144,wind_speed_10m,ecmwf_aifs025_single,0.4157250632846465,0.9693591402865828,84
western_ghats_coast,0,precipitation,ecmwf_aifs025_single,0.25147685072004944,1.50046500728782,126
western_ghats_coast,0,temperature_2m,ecmwf_aifs025_single,0.618293288116794,0.3716170156884725,126
western_ghats_coast,0,wind_speed_10m,ecmwf_aifs025_single,0.3842804221779043,0.6398455914924952,126
western_ghats_coast,6,precipitation,ecmwf_aifs025_single,0.330344724504341,1.4429362700289572,126
western_ghats_coast,6,temperature_2m,ecmwf_aifs025_single,0.6025650713678544,0.4366657579052702,126
western_ghats_coast,6,wind_speed_10m,ecmwf_aifs025_single,0.3423111545790056,0.7059194162383001,126
western_ghats_coast,12,precipitation,ecmwf_aifs025_single,0.33072134043811413,1.6857601554157404,126
western_ghats_coast,12,temperature_2m,ecmwf_aifs025_single,0.655082881580181,0.3984334402998906,126
western_ghats_coast,12,wind_speed_10m,ecmwf_aifs025_single,0.3353426963950446,0.8352292718217773,126
western_ghats_coast,24,precipitation,ecmwf_aifs025_single,0.39666171040950954,1.42521176371393,126
western_ghats_coast,24,temperature_2m,ecmwf_aifs025_single,0.677209156720726,0.414252051177495,126
western_ghats_coast,24,wind_speed_10m,ecmwf_aifs025_single,0.4631036309161591,0.6798400839039573,126
western_ghats_coast,48,precipitation,ecmwf_aifs025_single,0.2810580582227433,1.9375848163718976,126
western_ghats_coast,48,temperature_2m,ecmwf_aifs025_single,0.6635471756712235,0.44849395246405,126
western_ghats_coast,48,wind_speed_10m,ecmwf_aifs025_single,0.3884446403265884,0.8650676641119258,126
western_ghats_coast,72,precipitation,ecmwf_aifs025_single,0.3311327857304187,2.074275356351768,126
western_ghats_coast,72,temperature_2m,ecmwf_aifs025_single,0.7035343571713887,0.459799818416529,126
western_ghats_coast,72,wind_speed_10m,ecmwf_aifs025_single,0.44561580465032036,0.8081558469848951,126
western_ghats_coast,96,precipitation,ecmwf_aifs025_single,0.3404489946147583,2.104133686681664,126
western_ghats_coast,96,temperature_2m,ecmwf_aifs025_single,0.6566574761962072,0.5650495132118534,126
western_ghats_coast,96,wind_speed_10m,ecmwf_aifs025_single,0.3819624810394414,0.960770606716379,126
western_ghats_coast,120,precipitation,ecmwf_aifs025_single,0.3050998973796117,2.48984604611075,126
western_ghats_coast,120,temperature_2m,ecmwf_aifs025_single,0.6288131028145666,0.6251126882537844,126
western_ghats_coast,120,wind_speed_10m,ecmwf_aifs025_single,0.4224733023960035,0.928076180507504,126
western_ghats_coast,144,precipitation,ecmwf_aifs025_single,0.32678092842236867,2.396939185777866,126
western_ghats_coast,144,temperature_2m,ecmwf_aifs025_single,0.6730926353786818,0.6333847096956086,126
western_ghats_coast,144,wind_speed_10m,ecmwf_aifs025_single,0.4068286315884807,0.9515476116006268,126
arid_west,0,precipitation,gfs_global,0.3444797915783092,0.4543268175475196,70
arid_west,0,temperature_2m,gfs_global,0.3793723714255679,0.6253227737965183,70
arid_west,0,wind_speed_10m,gfs_global,0.33143536732173073,0.6769648650937717,70
arid_west,6,precipitation,gfs_global,0.5097714784653894,0.2887707939327856,70
arid_west,6,temperature_2m,gfs_global,0.488298164893544,0.5646693090397499,70
arid_west,6,wind_speed_10m,gfs_global,0.32706945155349043,0.7668888911886592,70
arid_west,12,precipitation,gfs_global,0.33325975757942605,0.5361356438173353,70
arid_west,12,temperature_2m,gfs_global,0.433529233944021,0.6756647520352511,70
arid_west,12,wind_speed_10m,gfs_global,0.32479093697603334,0.7960419945849951,70
arid_west,24,precipitation,gfs_global,0.38921521272639087,0.524712165994707,70
arid_west,24,temperature_2m,gfs_global,0.4564507491798532,0.6053405181029452,70
arid_west,24,wind_speed_10m,gfs_global,0.3615862267678629,0.8430607502258829,70
arid_west,48,precipitation,gfs_global,0.3239054260682406,0.6382408860073354,70
arid_west,48,temperature_2m,gfs_global,0.46572357489417954,0.68373240379552,70
arid_west,48,wind_speed_10m,gfs_global,0.24805211377251524,1.1476142955839177,70
arid_west,72,precipitation,gfs_global,0.3227962276936274,0.7077227059883189,70
arid_west,72,temperature_2m,gfs_global,0.481446811049924,0.7301878427598515,70
arid_west,72,wind_speed_10m,gfs_global,0.27379830395820864,1.0926566576141707,70
arid_west,96,precipitation,gfs_global,0.5614302893239662,0.4157987150395866,70
arid_west,96,temperature_2m,gfs_global,0.44216016401929226,0.8991972610532765,70
arid_west,96,wind_speed_10m,gfs_global,0.3033404464194935,1.146811106628164,70
arid_west,120,precipitation,gfs_global,0.35912454310385183,0.7481405521118915,70
arid_west,120,temperature_2m,gfs_global,0.4670298263058162,0.7935633920127976,70
arid_west,120,wind_speed_10m,gfs_global,0.32571541681544436,1.1329096547008,70
arid_west,144,precipitation,gfs_global,0.3531594592835201,0.7755412856284865,70
arid_west,144,temperature_2m,gfs_global,0.5344319516931398,0.718459661856034,70
arid_west,144,wind_speed_10m,gfs_global,0.2824710474836447,1.249442161240653,70
deccan_plateau,0,precipitation,gfs_global,0.3947389763101326,0.689273038373453,112
deccan_plateau,0,temperature_2m,gfs_global,0.3009469650464802,0.708138908891267,112
deccan_plateau,0,wind_speed_10m,gfs_global,0.2890036078201068,0.7975559765397572,112
deccan_plateau,6,precipitation,gfs_global,0.41079528707411644,0.7126591300995769,112
deccan_plateau,6,temperature_2m,gfs_global,0.3336601226483144,0.7290061728133719,112
deccan_plateau,6,wind_speed_10m,gfs_global,0.29627343833900793,0.8262123127346177,112
deccan_plateau,12,precipitation,gfs_global,0.4020822374090245,0.7301375848818789,112
deccan_plateau,12,temperature_2m,gfs_global,0.31386162609639984,0.7628716892674114,112
deccan_plateau,12,wind_speed_10m,gfs_global,0.28748125165661925,0.8639459928557043,112
deccan_plateau,24,precipitation,gfs_global,0.4090323645709472,0.8523884510178275,112
deccan_plateau,24,temperature_2m,gfs_global,0.30300020812433376,0.8384413685949832,112
deccan_plateau,24,wind_speed_10m,gfs_global,0.33274251506200764,0.9227651574015382,112
deccan_plateau,48,precipitation,gfs_global,0.3180663408701408,0.94916692796518,112
deccan_plateau,48,temperature_2m,gfs_global,0.31218584876861044,0.8731413933934999,112
deccan_plateau,48,wind_speed_10m,gfs_global,0.31122740775784374,1.027263180911855,112
deccan_plateau,72,precipitation,gfs_global,0.39241634180606294,0.959308716881961,112
deccan_plateau,72,temperature_2m,gfs_global,0.2974698205841507,0.9789316333928244,112
deccan_plateau,72,wind_speed_10m,gfs_global,0.30307087734416244,1.014421457214477,112
deccan_plateau,96,precipitation,gfs_global,0.3525861404640863,1.093107464328841,112
deccan_plateau,96,temperature_2m,gfs_global,0.3176375422046336,1.0072606947274656,112
deccan_plateau,96,wind_speed_10m,gfs_global,0.27760968849675116,1.1593474919724702,112
deccan_plateau,120,precipitation,gfs_global,0.34330198843933685,1.130957637832394,112
deccan_plateau,120,temperature_2m,gfs_global,0.304936922473508,1.0853406311910956,112
deccan_plateau,120,wind_speed_10m,gfs_global,0.2965610556153741,1.25547337401362,112
deccan_plateau,144,precipitation,gfs_global,0.41942690458403054,1.1922289299579052,112
deccan_plateau,144,temperature_2m,gfs_global,0.3572885373600455,1.0017266343668816,112
deccan_plateau,144,wind_speed_10m,gfs_global,0.3098431827815483,1.255139078804758,112
east_coast,0,precipitation,gfs_global,0.46567227347577045,0.9511646995732576,98
east_coast,0,temperature_2m,gfs_global,0.1934054707744597,0.8677733645629473,98
east_coast,0,wind_speed_10m,gfs_global,0.3331743528630073,0.6975854859471216,98
east_coast,6,precipitation,gfs_global,0.32264572182103085,1.304778892833446,98
east_coast,6,temperature_2m,gfs_global,0.17262841323398892,0.8899352189218895,98
east_coast,6,wind_speed_10m,gfs_global,0.2686121812799754,0.8534808678797285,98
east_coast,12,precipitation,gfs_global,0.3297224535390892,1.4356396569090015,98
east_coast,12,temperature_2m,gfs_global,0.1615090727575704,0.9312762802756664,98
east_coast,12,wind_speed_10m,gfs_global,0.30890505868824175,0.856951764413034,98
east_coast,24,precipitation,gfs_global,0.4230202555278022,1.3522517124698163,98
east_coast,24,temperature_2m,gfs_global,0.17657025841133242,1.181779616182514,98
east_coast,24,wind_speed_10m,gfs_global,0.3105062093316416,0.8642750884824973,98
east_coast,48,precipitation,gfs_global,0.38984105871620506,1.589097420627476,98
east_coast,48,temperature_2m,gfs_global,0.18323453664381453,1.0868556031234395,98
east_coast,48,wind_speed_10m,gfs_global,0.30999388758068963,1.0557205683168946,98
east_coast,72,precipitation,gfs_global,0.425113074708066,1.7214330171845378,98
east_coast,72,temperature_2m,gfs_global,0.1845982673655753,1.2094660653632685,98
east_coast,72,wind_speed_10m,gfs_global,0.2715499753290694,1.0773967112764862,98
east_coast,96,precipitation,gfs_global,0.32136942685135717,2.1437238723343843,98
east_coast,96,temperature_2m,gfs_global,0.1917814761708705,1.1649279560801784,98
east_coast,96,wind_speed_10m,gfs_global,0.32159683927150207,1.140396458093699,98
east_coast,120,precipitation,gfs_global,0.31734556385422863,2.225192264107733,98
east_coast,120,temperature_2m,gfs_global,0.1626970129974608,1.467335499941222,98
east_coast,120,wind_speed_10m,gfs_global,0.293843247324334,1.2971829760945013,98
east_coast,144,precipitation,gfs_global,0.31050314225490133,2.129716135151943,98
east_coast,144,temperature_2m,gfs_global,0.2122152777270055,1.3288578800255963,98
east_coast,144,wind_speed_10m,gfs_global,0.2875423342213263,1.3069796931732895,98
himalayan,0,precipitation,gfs_global,0.3815210652236211,0.8321969632931171,112
himalayan,0,temperature_2m,gfs_global,0.18534680998465997,0.8973786229107216,112
himalayan,0,wind_speed_10m,gfs_global,0.3277844053853409,0.6971504500464731,112
himalayan,6,precipitation,gfs_global,0.40119536687453977,0.889272877130524,112
himalayan,6,temperature_2m,gfs_global,0.20390655409391067,0.9439468810720836,112
himalayan,6,wind_speed_10m,gfs_global,0.32749371548855155,0.7311372013123508,112
himalayan,12,precipitation,gfs_global,0.489163598352096,0.8420277396177125,112
himalayan,12,temperature_2m,gfs_global,0.2041793122522674,0.9042138455981684,112
himalayan,12,wind_speed_10m,gfs_global,0.32312258455092313,0.8309041976752106,112
himalayan,24,precipitation,gfs_global,0.42963845433178055,0.9145002538467196,112
himalayan,24,temperature_2m,gfs_global,0.16770259236762128,1.101140236949214,112
himalayan,24,wind_speed_10m,gfs_global,0.2890249389985437,0.9443346107936832,112
himalayan,48,precipitation,gfs_global,0.40099201668166895,1.189209296129155,112
himalayan,48,temperature_2m,gfs_global,0.14860925915808104,1.241659316053666,112
himalayan,48,wind_speed_10m,gfs_global,0.35033492358196633,0.9342844855824162,112
himalayan,72,precipitation,gfs_global,0.35183995348544866,1.5201280491176674,112
himalayan,72,temperature_2m,gfs_global,0.1617296116858959,1.45697674998608,112
himalayan,72,wind_speed_10m,gfs_global,0.29533265482999665,1.1388359501827168,112
himalayan,96,precipitation,gfs_global,0.33773834794458124,1.5086003446904022,112
himalayan,96,temperature_2m,gfs_global,0.2009254065527101,1.3278473449265815,112
himalayan,96,wind_speed_10m,gfs_global,0.2998461889602795,1.183604135680507,112
himalayan,120,precipitation,gfs_global,0.32626187664083184,1.8442705681573484,112
himalayan,120,temperature_2m,gfs_global,0.1737071399333929,1.4588406600546102,112
himalayan,120,wind_speed_10m,gfs_global,0.30403767984789626,1.096081087328853,112
himalayan,144,precipitation,gfs_global,0.343803515285737,1.6297565002171337,112
himalayan,144,temperature_2m,gfs_global,0.19677981625420032,1.4262801267633227,112
himalayan,144,wind_speed_10m,gfs_global,0.2871413059217415,1.303763097455099,112
indo_gangetic,0,precipitation,gfs_global,0.4492306263845552,0.5985512270713105,140
indo_gangetic,0,temperature_2m,gfs_global,0.42377738764384043,0.6112919573680462,140
indo_gangetic,0,wind_speed_10m,gfs_global,0.32212764691925877,0.6782414235148342,140
indo_gangetic,6,precipitation,gfs_global,0.3963222627702223,0.7456564701178227,140
indo_gangetic,6,temperature_2m,gfs_global,0.38705757780597083,0.6561788736965813,140
indo_gangetic,6,wind_speed_10m,gfs_global,0.3003318550306628,0.8383568111831279,140
indo_gangetic,12,precipitation,gfs_global,0.4158166740411918,0.8240817400511398,140
indo_gangetic,12,temperature_2m,gfs_global,0.42082657686929237,0.645992038871776,140
indo_gangetic,12,wind_speed_10m,gfs_global,0.28161709783151984,0.8492118194453693,140
indo_gangetic,24,precipitation,gfs_global,0.3451777149451582,0.9874169042796171,140
indo_gangetic,24,temperature_2m,gfs_global,0.4283289198311706,0.6908338646674963,140
indo_gangetic,24,wind_speed_10m,gfs_global,0.3184377283228684,0.8302968488094226,140
indo_gangetic,48,precipitation,gfs_global,0.36810611447363556,0.99986713403046,140
indo_gangetic,48,temperature_2m,gfs_global,0.4414462831476022,0.7182777019669044,140
indo_gangetic,48,wind_speed_10m,gfs_global,0.33581422602972105,0.92358695158759,140
indo_gangetic,72,precipitation,gfs_global,0.43500185463608965,1.065130776678888,140
indo_gangetic,72,temperature_2m,gfs_global,0.4871901320239785,0.7088547100781651,140
indo_gangetic,72,wind_speed_10m,gfs_global,0.29692960242236877,1.119282295554994,140
indo_gangetic,96,precipitation,gfs_global,0.4089254584702973,1.1136510097102106,140
indo_gangetic,96,temperature_2m,gfs_global,0.4452502534075266,0.8059470914928064,140
indo_gangetic,96,wind_speed_10m,gfs_global,0.26268147367202105,1.1151716716016673,140
indo_gangetic,120,precipitation,gfs_global,0.39759344999547647,1.3444377475892504,140
indo_gangetic,120,temperature_2m,gfs_global,0.43940342067579874,0.8920121716017749,140
indo_gangetic,120,wind_speed_10m,gfs_global,0.3350861672960925,1.013234213510663,140
indo_gangetic,144,precipitation,gfs_global,0.29329517507904995,1.5848663756201746,140
indo_gangetic,144,temperature_2m,gfs_global,0.4774236147311078,0.8088903333756506,140
indo_gangetic,144,wind_speed_10m,gfs_global,0.26671975194066433,1.2947545272036265,140
peninsular_south,0,precipitation,gfs_global,0.42925142203633565,0.664666941300034,84
peninsular_south,0,temperature_2m,gfs_global,0.17868226736466516,0.8615379382520648,84
peninsular_south,0,wind_speed_10m,gfs_global,0.31885710300278575,0.6841522386971236,84
peninsular_south,6,precipitation,gfs_global,0.4017102870185623,0.8262465330234877,84
peninsular_south,6,temperature_2m,gfs_global,0.19660600628968644,0.8974282037870108,84
peninsular_south,6,wind_speed_10m,gfs_global,0.30052023437586156,0.8225381739585389,84
peninsular_south,12,precipitation,gfs_global,0.37231741013338376,0.954107037022177,84
peninsular_south,12,temperature_2m,gfs_global,0.1882239008497934,0.9891753419605932,84
peninsular_south,12,wind_speed_10m,gfs_global,0.3591840924322346,0.7515729537190018,84
peninsular_south,24,precipitation,gfs_global,0.4208948479409926,0.7874242215997072,84
peninsular_south,24,temperature_2m,gfs_global,0.19397889041945043,1.0911805533457797,84
peninsular_south,24,wind_speed_10m,gfs_global,0.3246769884056532,0.8220502823226002,84
peninsular_south,48,precipitation,gfs_global,0.3884666482352758,1.2046042622253288,84
peninsular_south,48,temperature_2m,gfs_global,0.19463516014953464,1.134307529477157,84
peninsular_south,48,wind_speed_10m,gfs_global,0.3274055920333797,0.9665759399131804,84
peninsular_south,72,precipitation,gfs_global,0.4077196098155973,1.1842472996239706,84
peninsular_south,72,temperature_2m,gfs_global,0.22870377235903142,1.0614954635077902,84
peninsular_south,72,wind_speed_10m,gfs_global,0.28227273321161195,1.044880945599158,84
peninsular_south,96,precipitation,gfs_global,0.32509105824084555,1.2906292300749311,84
peninsular_south,96,temperature_2m,gfs_global,0.16219234399187699,1.3780528879200398,84
peninsular_south,96,wind_speed_10m,gfs_global,0.2991901548810832,1.0566045122173648,84
peninsular_south,120,precipitation,gfs_global,0.39540748019917094,1.4097196614254637,84
peninsular_south,120,temperature_2m,gfs_global,0.21161219864883543,1.188715292918808,84
peninsular_south,120,wind_speed_10m,gfs_global,0.3057988485815573,1.107127880083029,84
peninsular_south,144,precipitation,gfs_global,0.3990108758422374,1.4695658574979924,84
peninsular_south,144,temperature_2m,gfs_global,0.20740904484397701,1.3724500164374105,84
peninsular_south,144,wind_speed_10m,gfs_global,0.2568839803079106,1.3361779180077136,84
western_ghats_coast,0,precipitation,gfs_global,0.44468769709128464,1.0260952336754263,126
western_ghats_coast,0,temperature_2m,gfs_global,0.18198737359448774,0.8398436173403366,126
western_ghats_coast,0,wind_speed_10m,gfs_global,0.3443338418410185,0.6884212442420772,126
western_ghats_coast,6,precipitation,gfs_global,0.3687919724914024,1.3408218280603783,126
western_ghats_coast,6,temperature_2m,gfs_global,0.18311194770286915,0.9660683698569662,126
western_ghats_coast,6,wind_speed_10m,gfs_global,0.36968141158603873,0.670631661492973,126
western_ghats_coast,12,precipitation,gfs_global,0.3466852993510103,1.6336046907726132,126
western_ghats_coast,12,temperature_2m,gfs_global,0.17165796504201178,0.9729965170658228,126
western_ghats_coast,12,wind_speed_10m,gfs_global,0.33860431376097605,0.8298570349239069,126
western_ghats_coast,24,precipitation,gfs_global,0.3181641854313902,1.650917734194943,126
western_ghats_coast,24,temperature_2m,gfs_global,0.16303863370053792,1.07041825381261,126
western_ghats_coast,24,wind_speed_10m,gfs_global,0.2724570391605697,0.9682638693222632,126
western_ghats_coast,48,precipitation,gfs_global,0.34389519710056066,1.693716210932222,126
western_ghats_coast,48,temperature_2m,gfs_global,0.17477229781855225,1.0914988965957966,126
western_ghats_coast,48,wind_speed_10m,gfs_global,0.2844328217138416,1.0648369723942617,126
western_ghats_coast,72,precipitation,gfs_global,0.31053627324056093,2.165008706313372,126
western_ghats_coast,72,temperature_2m,gfs_global,0.14474768561701626,1.3193252243548774,126
western_ghats_coast,72,wind_speed_10m,gfs_global,0.280861201645684,1.0993630912256454,126
western_ghats_coast,96,precipitation,gfs_global,0.3246091911192003,2.172038395989075,126
western_ghats_coast,96,temperature_2m,gfs_global,0.16858826581433675,1.39881837889801,126
western_ghats_coast,96,wind_speed_10m,gfs_global,0.29224387640007826,1.1485149141114834,126
western_ghats_coast,120,precipitation,gfs_global,0.4262034628423767,1.9924580017879647,126
western_ghats_coast,120,temperature_2m,gfs_global,0.19156871936711664,1.3806704145634443,126
western_ghats_coast,120,wind_speed_10m,gfs_global,0.3180541586484757,1.1214566774356822,126
western_ghats_coast,144,precipitation,gfs_global,0.34974199176777143,2.2908480789076613,126
western_ghats_coast,144,temperature_2m,gfs_global,0.1555231434346915,1.6821105884412093,126
western_ghats_coast,144,wind_speed_10m,gfs_global,0.3120269341456766,1.1356474972874455,126
arid_west,0,precipitation,icon_global,0.23707180017618498,0.5828513655175857,70
arid_west,0,temperature_2m,icon_global,0.2627547834418265,0.7988178766151897,70
arid_west,0,wind_speed_10m,icon_global,0.34740428194837636,0.6560574887701751,70
arid_west,6,precipitation,icon_global,0.16883944034965118,0.6032376930246602,70
arid_west,6,temperature_2m,icon_global,0.22560093979751972,0.9448378545700692,70
arid_west,6,wind_speed_10m,icon_global,0.2997593922622972,0.8127879709458584,70
arid_west,12,precipitation,icon_global,0.31940321971506763,0.5515316335960639,70
arid_west,12,temperature_2m,icon_global,0.2514328819436388,0.9715436906578848,70
arid_west,12,wind_speed_10m,icon_global,0.26412699181739097,0.9136856289618596,70
arid_west,24,precipitation,icon_global,0.3012989622617971,0.622371042293674,70
arid_west,24,temperature_2m,icon_global,0.20073245861023906,1.0467691790866385,70
arid_west,24,wind_speed_10m,icon_global,0.3056872787652876,0.94293538636385,70
arid_west,48,precipitation,icon_global,0.218692186853296,0.8292931585736992,70
arid_west,48,temperature_2m,icon_global,0.22669047734553524,1.104968002122363,70
arid_west,48,wind_speed_10m,icon_global,0.3886707644181794,0.8506871172343987,70
arid_west,72,precipitation,icon_global,0.39532241112012895,0.6182740954810066,70
arid_west,72,temperature_2m,icon_global,0.20170717111066921,1.3041258703492866,70
arid_west,72,wind_speed_10m,icon_global,0.2905816091143681,1.0501680137686815,70
arid_west,96,precipitation,icon_global,0.16799503120866213,0.929429932808278,70
arid_west,96,temperature_2m,icon_global,0.2128926441741594,1.4637530041447762,70
arid_west,96,wind_speed_10m,icon_global,0.29717532677599334,1.1626177359734369,70
arid_west,120,precipitation,icon_global,0.2497279486019285,0.953166152507376,70
arid_west,120,temperature_2m,icon_global,0.25161591625798363,1.1985407794480756,70
arid_west,120,wind_speed_10m,icon_global,0.2628361221354983,1.3070659618287932,70
arid_west,144,precipitation,icon_global,0.20934479725073485,1.0990333414934623,70
arid_west,144,temperature_2m,icon_global,0.19647733519514288,1.399982652953753,70
arid_west,144,wind_speed_10m,icon_global,0.2853036528065979,1.2411584450481277,70
deccan_plateau,0,precipitation,icon_global,0.3073061069347895,0.8144865823677777,112
deccan_plateau,0,temperature_2m,icon_global,0.3215420501957644,0.6775685257911978,112
deccan_plateau,0,wind_speed_10m,icon_global,0.30976236422149356,0.7615134132577237,112
deccan_plateau,6,precipitation,icon_global,0.29995270011080133,0.8788816960855912,112
deccan_plateau,6,temperature_2m,icon_global,0.3221268816841729,0.7463045864218484,112
deccan_plateau,6,wind_speed_10m,icon_global,0.32225368753009564,0.7811867117222543,112
deccan_plateau,12,precipitation,icon_global,0.26565514300986864,0.9625041743879792,112
deccan_plateau,12,temperature_2m,icon_global,0.3715423524157046,0.6817178930571544,112
deccan_plateau,12,wind_speed_10m,icon_global,0.3311896928506772,0.7861553145348753,112
deccan_plateau,24,precipitation,icon_global,0.30219172909900516,1.0430081837783305,112
deccan_plateau,24,temperature_2m,icon_global,0.2890741852214017,0.8651573969102797,112
deccan_plateau,24,wind_speed_10m,icon_global,0.31068491025919565,0.9659395869899348,112
deccan_plateau,48,precipitation,icon_global,0.2590188060296655,1.0884294058084665,112
deccan_plateau,48,temperature_2m,icon_global,0.28292668234250856,0.9323467894052544,112
deccan_plateau,48,wind_speed_10m,icon_global,0.30307392907089986,1.045605600323837,112
deccan_plateau,72,precipitation,icon_global,0.30050293500615133,1.1461040372870668,112
deccan_plateau,72,temperature_2m,icon_global,0.2838758679714745,1.0099394430219213,112
deccan_plateau,72,wind_speed_10m,icon_global,0.27913279002593083,1.0716196853361737,112
deccan_plateau,96,precipitation,icon_global,0.30765313056530674,1.197104766270927,112
deccan_plateau,96,temperature_2m,icon_global,0.2823907887230674,1.089421946984468,112
deccan_plateau,96,wind_speed_10m,icon_global,0.29095401875883203,1.123622569447334,112
deccan_plateau,120,precipitation,icon_global,0.35456862592296134,1.106870991966608,112
deccan_plateau,120,temperature_2m,icon_global,0.29639467619568294,1.1060951263663663,112
deccan_plateau,120,wind_speed_10m,icon_global,0.27806450867431987,1.3105488899148872,112
deccan_plateau,144,precipitation,icon_global,0.2520761339640762,1.67407970453705,112
deccan_plateau,144,temperature_2m,icon_global,0.2679658382777629,1.2135073135337917,112
deccan_plateau,144,wind_speed_10m,icon_global,0.2921312800480889,1.3053724837871263,112
east_coast,0,precipitation,icon_global,0.263917244618967,1.3888785668550685,98
east_coast,0,temperature_2m,icon_global,0.2023057475764009,0.842131649022713,98
east_coast,0,wind_speed_10m,icon_global,0.31479057425806445,0.724487151475484,98
east_coast,6,precipitation,icon_global,0.36221205969839837,1.2079405648305983,98
east_coast,6,temperature_2m,icon_global,0.17848345231986626,0.870364690160137,98
east_coast,6,wind_speed_10m,icon_global,0.2972696465996342,0.7977078131133235,98
east_coast,12,precipitation,icon_global,0.31244847281743754,1.488077447512702,98
east_coast,12,temperature_2m,icon_global,0.170458226126101,0.8983891479890492,98
east_coast,12,wind_speed_10m,icon_global,0.285465158290389,0.9032424584658928,98
east_coast,24,precipitation,icon_global,0.30445092356776715,1.6837858218542971,98
east_coast,24,temperature_2m,icon_global,0.2169141338258787,1.0302823072600351,98
east_coast,24,wind_speed_10m,icon_global,0.2985316619848214,0.8872348698544903,98
east_coast,48,precipitation,icon_global,0.30185383707514385,1.8845651260398812,98
east_coast,48,temperature_2m,icon_global,0.16988999861161097,1.143049091023564,98
east_coast,48,wind_speed_10m,icon_global,0.31145140392440707,1.0524243149868358,98
east_coast,72,precipitation,icon_global,0.28986587509304135,2.222090622520575,98
east_coast,72,temperature_2m,icon_global,0.18868032702973578,1.191958172804015,98
east_coast,72,wind_speed_10m,icon_global,0.2879059813226437,1.036195454732438,98
east_coast,96,precipitation,icon_global,0.3262892187865308,2.1221206182418912,98
east_coast,96,temperature_2m,icon_global,0.20338357539667112,1.1201931320362686,98
east_coast,96,wind_speed_10m,icon_global,0.3339927612505651,1.1120022390228523,98
east_coast,120,precipitation,icon_global,0.2688001136272366,2.485628487846049,98
east_coast,120,temperature_2m,icon_global,0.16831116875554009,1.43452189290526,98
east_coast,120,wind_speed_10m,icon_global,0.2959128872893931,1.291127493348985,98
east_coast,144,precipitation,icon_global,0.3104924548990905,2.129765005720546,98
east_coast,144,temperature_2m,icon_global,0.1806209505099294,1.479622469774376,98
east_coast,144,wind_speed_10m,icon_global,0.2772639089551539,1.3390839848072813,98
himalayan,0,precipitation,icon_global,0.2651304604155502,1.0607153078398153,112
himalayan,0,temperature_2m,icon_global,0.5761831800089675,0.4213000712081592,112
himalayan,0,wind_speed_10m,icon_global,0.3281411899623736,0.696645021308762,112
himalayan,6,precipitation,icon_global,0.3146106993080249,1.0457392293082848,112
himalayan,6,temperature_2m,icon_global,0.5173975238739439,0.5074014682674854,112
himalayan,6,wind_speed_10m,icon_global,0.32783504722729573,0.7306296208457078,112
himalayan,12,precipitation,icon_global,0.2640700309418241,1.2700376119289876,112
himalayan,12,temperature_2m,icon_global,0.4899554871971825,0.5044763904995245,112
himalayan,12,wind_speed_10m,icon_global,0.29464469152266437,0.8836157455106183,112
himalayan,24,precipitation,icon_global,0.22297383826008754,1.4160659790923786,112
himalayan,24,temperature_2m,icon_global,0.5830082529496898,0.4798279081385028,112
himalayan,24,wind_speed_10m,icon_global,0.3279233261041803,0.8680962339675086,112
himalayan,48,precipitation,icon_global,0.26430020272473187,1.5701839632894703,112
himalayan,48,temperature_2m,icon_global,0.602650316092052,0.4882649675856629,112
himalayan,48,wind_speed_10m,icon_global,0.3155594946166942,1.001722177766157,112
himalayan,72,precipitation,icon_global,0.28918751137427373,1.7324363521600772,112
himalayan,72,temperature_2m,icon_global,0.5321379574948224,0.658611228267481,112
himalayan,72,wind_speed_10m,icon_global,0.3444881314366256,1.0277463208399242,112
himalayan,96,precipitation,icon_global,0.2480102393162292,1.853452377129155,112
himalayan,96,temperature_2m,icon_global,0.49503628383878595,0.7279134809263291,112
himalayan,96,wind_speed_10m,icon_global,0.30601092386281653,1.1676540889443978,112
himalayan,120,precipitation,icon_global,0.32920710752981724,1.833254327301978,112
himalayan,120,temperature_2m,icon_global,0.5564558197858234,0.6713239850155385,112
himalayan,120,wind_speed_10m,icon_global,0.31271732647396716,1.0757045033704322,112
himalayan,144,precipitation,icon_global,0.38825856920036195,1.5028496740716095,112
himalayan,144,temperature_2m,icon_global,0.47376836003030165,0.7939885749447894,112
himalayan,144,wind_speed_10m,icon_global,0.28703942656466513,1.30407157724238,112
indo_gangetic,0,precipitation,icon_global,0.29747325677868114,0.7878601217402562,140
indo_gangetic,0,temperature_2m,icon_global,0.28149623822023706,0.8029570349651342,140
indo_gangetic,0,wind_speed_10m,icon_global,0.33402993930915753,0.6620325844376113,140
indo_gangetic,6,precipitation,icon_global,0.33164768167368824,0.8396916951221698,140
indo_gangetic,6,temperature_2m,icon_global,0.29131356465457714,0.793047017161386,140
indo_gangetic,6,wind_speed_10m,icon_global,0.3006020303691183,0.8378544026261363,140
indo_gangetic,12,precipitation,icon_global,0.2760392910294788,1.0829068024798545,140
indo_gangetic,12,temperature_2m,icon_global,0.2108711015642566,1.023964285091456,140
indo_gangetic,12,wind_speed_10m,icon_global,0.33112167711063506,0.7623075869639874,140
indo_gangetic,24,precipitation,icon_global,0.2855465154330181,1.1204982947650697,140
indo_gangetic,24,temperature_2m,icon_global,0.25789503608112646,0.9688653157173086,140
indo_gangetic,24,wind_speed_10m,icon_global,0.3388065988531174,0.7966761306471137,140
indo_gangetic,48,precipitation,icon_global,0.26542529745038723,1.2434534283886265,140
indo_gangetic,48,temperature_2m,icon_global,0.27237676647443193,0.9910549934287198,140
indo_gangetic,48,wind_speed_10m,icon_global,0.3115891492625179,0.970857868073386,140
indo_gangetic,72,precipitation,icon_global,0.254529448597136,1.5225507263423816,140
indo_gangetic,72,temperature_2m,icon_global,0.21003483986555554,1.242116281651141,140
indo_gangetic,72,wind_speed_10m,icon_global,0.2983437575941592,1.1157425458283057,140
indo_gangetic,96,precipitation,icon_global,0.3004480728539683,1.3677256930498058,140
indo_gangetic,96,temperature_2m,icon_global,0.23798088673376577,1.2237182799040915,140
indo_gangetic,96,wind_speed_10m,icon_global,0.33972637585982396,0.9394531083865456,140
indo_gangetic,120,precipitation,icon_global,0.28816624545267083,1.6662423507487054,140
indo_gangetic,120,temperature_2m,icon_global,0.2650547507977484,1.2494613124977385,140
indo_gangetic,120,wind_speed_10m,icon_global,0.26454605273691606,1.1861694049092892,140
indo_gangetic,144,precipitation,icon_global,0.3125231886022463,1.519174823006603,140
indo_gangetic,144,temperature_2m,icon_global,0.22519504024588233,1.33491385489851,140
indo_gangetic,144,wind_speed_10m,icon_global,0.2830495666668335,1.2444646008855145,140
peninsular_south,0,precipitation,icon_global,0.33164651099282116,0.7893962430689851,84
peninsular_south,0,temperature_2m,icon_global,0.23543330822286618,0.716830822838575,84
peninsular_south,0,wind_speed_10m,icon_global,0.29475470675611803,0.7209575312768166,84
peninsular_south,6,precipitation,icon_global,0.2720547563895772,1.071389840569804,84
peninsular_south,6,temperature_2m,icon_global,0.2191841559043813,0.8346891351760563,84
peninsular_south,6,wind_speed_10m,icon_global,0.294347183856339,0.8339985440206543,84
peninsular_south,12,precipitation,icon_global,0.35396009197688283,0.9868166713514436,84
peninsular_south,12,temperature_2m,icon_global,0.22717161756154639,0.8726103423199897,84
peninsular_south,12,wind_speed_10m,icon_global,0.24743323474535195,0.9635567791607644,84
peninsular_south,24,precipitation,icon_global,0.3207492688067078,0.9438018355364144,84
peninsular_south,24,temperature_2m,icon_global,0.2111292618794484,1.0312579004026383,84
peninsular_south,24,wind_speed_10m,icon_global,0.301198494278024,0.8642330759255916,84
peninsular_south,48,precipitation,icon_global,0.26772047722879283,1.5439239587739386,84
peninsular_south,48,temperature_2m,icon_global,0.22619515166621246,1.026178184657356,84
peninsular_south,48,wind_speed_10m,icon_global,0.3064167327977542,1.010225693783796,84
peninsular_south,72,precipitation,icon_global,0.22121614706339737,1.7802146740531843,84
peninsular_south,72,temperature_2m,icon_global,0.20078159995280492,1.1577579934634752,84
peninsular_south,72,wind_speed_10m,icon_global,0.2753706952964701,1.062268462166832,84
peninsular_south,96,precipitation,icon_global,0.2587665914545223,1.5026785608182665,84
peninsular_south,96,temperature_2m,icon_global,0.17885858122025727,1.2910594578908925,84
peninsular_south,96,wind_speed_10m,icon_global,0.3327744339169561,0.9842618699164508,84
peninsular_south,120,precipitation,icon_global,0.24296988522216822,1.950418453270257,84
peninsular_south,120,temperature_2m,icon_global,0.2394235841849111,1.0947803650134795,84
peninsular_south,120,wind_speed_10m,icon_global,0.27927304536725595,1.1761671002111258,84
peninsular_south,144,precipitation,icon_global,0.2871876522229685,1.8297921427622004,84
peninsular_south,144,temperature_2m,icon_global,0.19050559312129262,1.4524789974713015,84
peninsular_south,144,wind_speed_10m,icon_global,0.3273909564074429,1.136696340905772,84
western_ghats_coast,0,precipitation,icon_global,0.3038354521886659,1.3227127608135667,126
western_ghats_coast,0,temperature_2m,icon_global,0.19971933828871827,0.7893673375880164,126
western_ghats_coast,0,wind_speed_10m,icon_global,0.2713857359810771,0.8068314471604242,126
western_ghats_coast,6,precipitation,icon_global,0.3008633030042565,1.5357220007189003,126
western_ghats_coast,6,temperature_2m,icon_global,0.21432298092927635,0.8698407991540844,126
western_ghats_coast,6,wind_speed_10m,icon_global,0.28800743383495564,0.792075834111941,126
western_ghats_coast,12,precipitation,icon_global,0.32259336021087553,1.7139585666678083,126
western_ghats_coast,12,temperature_2m,icon_global,0.17325915337780723,0.9669925559044408,126
western_ghats_coast,12,wind_speed_10m,icon_global,0.3260529898439794,0.8510194633403675,126
western_ghats_coast,24,precipitation,icon_global,0.28517410415910033,1.775904419707465,126
western_ghats_coast,24,temperature_2m,icon_global,0.1597522095787361,1.0850488248834482,126
western_ghats_coast,24,wind_speed_10m,icon_global,0.2644393299232713,0.9877379158846696,126
western_ghats_coast,48,precipitation,icon_global,0.3750467446766959,1.59858022324772,126
western_ghats_coast,48,temperature_2m,icon_global,0.1616805265102242,1.1496524664657548,126
western_ghats_coast,48,wind_speed_10m,icon_global,0.32712253795957,0.9700539994787722,126
western_ghats_coast,72,precipitation,icon_global,0.3583309410290203,1.9679390557088208,126
western_ghats_coast,72,temperature_2m,icon_global,0.15171795721159517,1.2786007356754652,126
western_ghats_coast,72,wind_speed_10m,icon_global,0.2735229937039957,1.1189390524843623,126
western_ghats_coast,96,precipitation,icon_global,0.33494181426604147,2.1271353416989625,126
western_ghats_coast,96,temperature_2m,icon_global,0.174754257989456,1.3657180215131213,126
western_ghats_coast,96,wind_speed_10m,icon_global,0.3257936425604803,1.0682473407186093,126
western_ghats_coast,120,precipitation,icon_global,0.2686966397780116,2.7099361557523767,126
western_ghats_coast,120,temperature_2m,icon_global,0.1796181778183169,1.4412508346065125,126
western_ghats_coast,120,wind_speed_10m,icon_global,0.2594725389555208,1.284465178060812,126
western_ghats_coast,144,precipitation,icon_global,0.3234770798098598,2.413232370947828,126
western_ghats_coast,144,temperature_2m,icon_global,0.17138422118662663,1.576657354246132,126
western_ghats_coast,144,wind_speed_10m,icon_global,0.2811444342658426,1.2173589028765093,126
