zone,rain_day,temperature_2m_confidence,precipitation_confidence,wind_speed_10m_confidence,overall_confidence,overall_level
arid_west,2026-09-24,68.5,72.4,29.8,56.9,amber
arid_west,2026-09-25,63.3,72.4,33.2,56.3,amber
arid_west,2026-09-26,55.2,71.9,21.8,49.6,amber
arid_west,2026-09-27,65.5,71.1,27.6,54.7,amber
arid_west,2026-09-28,58.9,72.4,20.0,50.4,amber
arid_west,2026-09-29,69.0,72.4,28.2,56.5,amber
arid_west,2026-09-30,68.7,71.0,25.2,55.0,amber
deccan_plateau,2026-09-24,49.7,47.4,35.7,44.3,amber
deccan_plateau,2026-09-25,41.8,49.4,32.6,41.2,amber
deccan_plateau,2026-09-26,35.5,63.3,31.8,43.5,amber
deccan_plateau,2026-09-27,44.1,68.9,39.0,50.7,amber
deccan_plateau,2026-09-28,48.1,64.8,56.9,56.6,amber
deccan_plateau,2026-09-29,52.7,62.7,61.9,59.1,amber
deccan_plateau,2026-09-30,49.2,64.5,65.8,59.9,amber
east_coast,2026-09-24,69.3,29.6,13.2,37.4,red
east_coast,2026-09-25,65.0,37.7,20.7,41.1,amber
east_coast,2026-09-26,67.5,52.3,36.4,52.1,amber
east_coast,2026-09-27,68.0,62.2,49.6,60.0,amber
east_coast,2026-09-28,69.3,50.9,43.0,54.4,amber
east_coast,2026-09-29,66.5,49.8,54.5,57.0,amber
east_coast,2026-09-30,69.5,55.6,55.6,60.2,amber
himalayan,2026-09-24,41.0,43.8,68.6,51.1,amber
himalayan,2026-09-25,39.9,44.2,67.9,50.7,amber
himalayan,2026-09-26,41.2,48.7,67.3,52.4,amber
himalayan,2026-09-27,35.4,40.2,64.1,46.6,amber
himalayan,2026-09-28,31.3,39.7,68.9,46.6,amber
himalayan,2026-09-29,35.7,41.8,67.7,48.4,amber
himalayan,2026-09-30,43.8,40.1,66.6,50.2,amber
indo_gangetic,2026-09-24,58.4,41.9,37.7,46.0,amber
indo_gangetic,2026-09-25,49.8,34.8,28.4,37.7,red
indo_gangetic,2026-09-26,48.8,36.4,25.8,37.0,red
indo_gangetic,2026-09-27,25.8,44.3,28.3,32.8,red
indo_gangetic,2026-09-28,28.7,52.7,51.2,44.2,amber
indo_gangetic,2026-09-29,48.9,62.2,54.8,55.3,amber
indo_gangetic,2026-09-30,51.5,68.5,53.3,57.8,amber
peninsular_south,2026-09-24,50.9,64.0,39.8,51.6,amber
peninsular_south,2026-09-25,47.3,60.8,42.9,50.3,amber
peninsular_south,2026-09-26,35.5,66.0,45.8,49.1,amber
peninsular_south,2026-09-27,40.8,55.1,52.4,49.4,amber
peninsular_south,2026-09-28,52.7,26.6,46.1,41.8,amber
peninsular_south,2026-09-29,53.4,20.7,49.6,41.2,amber
peninsular_south,2026-09-30,53.3,20.9,53.7,42.6,amber
western_ghats_coast,2026-09-24,59.2,20.7,63.2,47.7,amber
western_ghats_coast,2026-09-25,60.2,30.5,68.6,53.1,amber
western_ghats_coast,2026-09-26,54.7,53.0,71.3,59.7,amber
western_ghats_coast,2026-09-27,50.9,60.6,69.7,60.4,amber
western_ghats_coast,2026-09-28,51.3,35.5,71.5,52.7,amber
western_ghats_coast,2026-09-29,49.7,31.4,72.4,51.2,amber
western_ghats_coast,2026-09-30,48.0,34.5,69.7,50.7,amber
